pair_id,text_a,locality_a,text_b,locality_b,days_apart,label_a,label_b,final_label,pair_type,notes
LO3-001,Garbage not collected near Ward 25 for many days,PMC ward 25 Hadapsar Gaothan - Satavwadi,"Waste piling up near Ward 25, nobody has come to clear it",PMC ward 25 Hadapsar Gaothan - Satavwadi,6,,,,boundary_below_threshold,
LO3-002,Footpath tiles near Ward 43 are uneven and cracked,PMC ward 43 Wanawadi - Kausar Baug,"No proper footpath near Ward 43, pedestrians forced onto the road",PMC ward 43 Wanawadi - Kausar Baug,4,,,,boundary_below_threshold,
LO3-003,"Waste piling up near Ward 31, nobody has come to clear it",PMC ward 31 Kothrud Gaothan - Shivtirthnagar,Garbage not collected near Ward 31 for many days,PMC ward 31 Kothrud Gaothan - Shivtirthnagar,1,,,,boundary_below_threshold,
LO3-004,Garbage not collected near Ward 55 for many days,PMC ward 55 Dhankawadi - Ambegaon Pathar,"Waste piling up near Ward 55, nobody has come to clear it",PMC ward 55 Dhankawadi - Ambegaon Pathar,1,,,,boundary_below_threshold,
LO3-005,Water pressure very low near Ward 4 every morning,PMC ward 4 East Kharadi - Wagholi,No water supply near Ward 4 for three days now,PMC ward 4 East Kharadi - Wagholi,5,,,,boundary_below_threshold,
LO3-006,Deep pothole opened up near Ward 18 after the rain,PMC ward 18 Shaniwarwada - Kasba Peth,"Big pothole near Ward 18, almost hit it on my scooter",PMC ward 18 Shaniwarwada - Kasba Peth,6,,,,boundary_below_threshold,
LO3-007,Deep pothole opened up near Ward 58 after the rain,PMC ward 58 Katraj - Gokulnagar,"Big pothole near Ward 58, almost hit it on my scooter",PMC ward 58 Katraj - Gokulnagar,4,,,,boundary_below_threshold,
LO3-008,Open drain near Ward 19 is a real hazard for kids,PMC ward 19 Chhatrapati Shivaji Maharaj Stadium - Rasta peth,"Drainage blocked near Ward 19, water logging every time it rains",PMC ward 19 Chhatrapati Shivaji Maharaj Stadium - Rasta peth,0,,,,boundary_below_threshold,
LO3-009,"Drainage blocked near Ward 31, water logging every time it rains",PMC ward 31 Kothrud Gaothan - Shivtirthnagar,Open drain near Ward 31 is a real hazard for kids,PMC ward 31 Kothrud Gaothan - Shivtirthnagar,5,,,,boundary_below_threshold,
LO3-010,Deep pothole opened up near Ward 31 after the rain,PMC ward 31 Kothrud Gaothan - Shivtirthnagar,"Big pothole near Ward 31, almost hit it on my scooter",PMC ward 31 Kothrud Gaothan - Shivtirthnagar,3,,,,boundary_below_threshold,
LO3-011,"Sewage overflowing near Ward 18 again, terrible smell",PMC ward 18 Shaniwarwada - Kasba Peth,Open drain near Ward 18 is a real hazard for kids,PMC ward 18 Shaniwarwada - Kasba Peth,3,,,,boundary_below_threshold,
LO3-012,"Sewage overflowing near Ward 5 again, terrible smell",PMC ward 5 West Kharadi - Vadgaon Sheri,"Overflowing dustbin near Ward 5, foul smell everywhere",PMC ward 5 West Kharadi - Vadgaon Sheri,5,,,,cross_category_same_place_time,
LO3-013,"Completely dark near Ward 6 at night, streetlight broken",PMC ward 6 Vadgaon Sheri - Ramwadi,"Traffic signal near Ward 6 not working, causing jams",PMC ward 6 Vadgaon Sheri - Ramwadi,7,,,,cross_category_same_place_time,
LO3-014,"Drainage blocked near Ward 18, water logging every time it rains",PMC ward 18 Shaniwarwada - Kasba Peth,The road at Ward 18 has been damaged for weeks now,PMC ward 18 Shaniwarwada - Kasba Peth,1,,,,cross_category_same_place_time,
LO3-015,The road at Ward 31 has been damaged for weeks now,PMC ward 31 Kothrud Gaothan - Shivtirthnagar,Streetlight near Ward 31 not working for a week,PMC ward 31 Kothrud Gaothan - Shivtirthnagar,5,,,,cross_category_same_place_time,
LO3-016,Footpath near Ward 14 is broken and unusable,PMC ward 14 Pashan - Bawdhan,The road at Ward 14 has been damaged for weeks now,PMC ward 14 Pashan - Bawdhan,1,,,,cross_category_same_place_time,
LO3-017,"Road near Ward 18 has huge craters, please fix urgently",PMC ward 18 Shaniwarwada - Kasba Peth,"Manhole near Ward 18 has been open for days, very dangerous",PMC ward 18 Shaniwarwada - Kasba Peth,7,,,,cross_category_same_place_time,
LO3-018,"Manhole near Ward 31 has been open for days, very dangerous",PMC ward 31 Kothrud Gaothan - Shivtirthnagar,"Road near Ward 31 has huge craters, please fix urgently",PMC ward 31 Kothrud Gaothan - Shivtirthnagar,1,,,,cross_category_same_place_time,
LO3-019,"Road near Ward 14 has huge craters, please fix urgently",PMC ward 14 Pashan - Bawdhan,"Big pothole near Ward 14, almost hit it on my scooter",PMC ward 14 Pashan - Bawdhan,2,,,,gated_low_similarity,
LO3-020,"Road near Ward 42 has huge craters, please fix urgently",PMC ward 42 Ramtekadi - Sayyadnagar,"Big pothole near Ward 42, almost hit it on my scooter",PMC ward 42 Ramtekadi - Sayyadnagar,3,,,,gated_low_similarity,
LO3-021,"Road near Ward 28 has huge craters, please fix urgently",PMC ward 28 Mahatma Phule Smarak –Bhavani Peth,"Big pothole near Ward 28, almost hit it on my scooter",PMC ward 28 Mahatma Phule Smarak –Bhavani Peth,7,,,,gated_low_similarity,
LO3-022,"Road near Ward 22 has huge craters, please fix urgently",PMC ward 22 Manjari Bk. - Shewalwadi,"Big pothole near Ward 22, almost hit it on my scooter",PMC ward 22 Manjari Bk. - Shewalwadi,2,,,,gated_low_similarity,
LO3-023,"Sewage overflowing near Ward 30 again, terrible smell",PMC ward 30 Jai Bhavaninagar - Kelewadi,"Drainage blocked near Ward 30, water logging every time it rains",PMC ward 30 Jai Bhavaninagar - Kelewadi,4,,,,gated_low_similarity,
LO3-024,"Sewage overflowing near Ward 35 again, terrible smell",PMC ward 35 Ramnagar - Uttamnagar Shivane,"Drainage blocked near Ward 35, water logging every time it rains",PMC ward 35 Ramnagar - Uttamnagar Shivane,4,,,,gated_low_similarity,
LO3-025,"Big pothole near Ward 16, almost hit it on my scooter",PMC ward 16 Fergusson College - Erandwane,The road at Ward 16 has been damaged for weeks now,PMC ward 16 Fergusson College - Erandwane,5,,,,gated_low_similarity,
LO3-026,"Missing speed breaker near Ward 6, vehicles go too fast",PMC ward 6 Vadgaon Sheri - Ramwadi,"No zebra crossing near Ward 6, hard to cross safely",PMC ward 6 Vadgaon Sheri - Ramwadi,3,,,,gated_low_similarity,
LO3-027,"Road near Ward 13 has huge craters, please fix urgently",PMC ward 13 Baner - Sus - Mahalunge,Deep pothole opened up near Ward 13 after the rain,PMC ward 13 Baner - Sus - Mahalunge,3,,,,gated_low_similarity,
LO3-028,Footpath near Ward 26 is broken and unusable,PMC ward 26 Wanwadi Gaothan - Vaiduwadi,"No proper footpath near Ward 26, pedestrians forced onto the road",PMC ward 26 Wanwadi Gaothan - Vaiduwadi,6,,,,likely_duplicate,
LO3-029,Footpath tiles near Ward 14 are uneven and cracked,PMC ward 14 Pashan - Bawdhan,"No proper footpath near Ward 14, pedestrians forced onto the road",PMC ward 14 Pashan - Bawdhan,4,,,,likely_duplicate,
LO3-030,The road at Ward 58 has been damaged for weeks now,PMC ward 58 Katraj - Gokulnagar,"Road near Ward 58 has huge craters, please fix urgently",PMC ward 58 Katraj - Gokulnagar,0,,,,likely_duplicate,
LO3-031,"No proper footpath near Ward 5, pedestrians forced onto the road",PMC ward 5 West Kharadi - Vadgaon Sheri,"No proper footpath near Ward 5, pedestrians forced onto the road",PMC ward 5 West Kharadi - Vadgaon Sheri,1,,,,likely_duplicate,
LO3-032,Deep pothole opened up near Ward 14 after the rain,PMC ward 14 Pashan - Bawdhan,Deep pothole opened up near Ward 14 after the rain,PMC ward 14 Pashan - Bawdhan,1,,,,likely_duplicate,
LO3-033,Streetlight near Ward 51 not working for a week,PMC ward 51 Vadgaon Bk - Manikbaug,Streetlight near Ward 51 not working for a week,PMC ward 51 Vadgaon Bk - Manikbaug,4,,,,likely_duplicate,
LO3-034,Illegal parking near Ward 47 blocking the road,PMC ward 47 Kondhva Bk - Yewalewadi,Illegal parking near Ward 47 blocking the road,PMC ward 47 Kondhva Bk - Yewalewadi,6,,,,likely_duplicate,
LO3-035,"Sewage overflowing near Ward 31 again, terrible smell",PMC ward 31 Kothrud Gaothan - Shivtirthnagar,"Sewage overflowing near Ward 31 again, terrible smell",PMC ward 31 Kothrud Gaothan - Shivtirthnagar,4,,,,likely_duplicate,
LO3-036,Footpath near Ward 56 is broken and unusable,PMC ward 56 Chaitanyanagar - Bharati Vidyapeeth,Footpath near Ward 56 is broken and unusable,PMC ward 56 Chaitanyanagar - Bharati Vidyapeeth,4,,,,likely_duplicate,
LO3-037,"No proper footpath near Ward 36, pedestrians forced onto the road",PMC ward 36 Karvenagar,Footpath near Ward 36 is broken and unusable,PMC ward 36 Karvenagar,20,,,,outside_time_window,
LO3-038,"Completely dark near Ward 35 at night, streetlight broken",PMC ward 35 Ramnagar - Uttamnagar Shivane,Streetlight near Ward 35 not working for a week,PMC ward 35 Ramnagar - Uttamnagar Shivane,61,,,,outside_time_window,
LO3-039,Footpath tiles near Ward 9 are uneven and cracked,PMC ward 9 Yerwada,"No proper footpath near Ward 9, pedestrians forced onto the road",PMC ward 9 Yerwada,76,,,,outside_time_window,
LO3-040,The road at Ward 22 has been damaged for weeks now,PMC ward 22 Manjari Bk. - Shewalwadi,The road at Ward 22 has been damaged for weeks now,PMC ward 22 Manjari Bk. - Shewalwadi,9,,,,outside_time_window,
LO3-041,The road at Ward 13 has been damaged for weeks now,PMC ward 13 Baner - Sus - Mahalunge,The road at Ward 13 has been damaged for weeks now,PMC ward 13 Baner - Sus - Mahalunge,66,,,,outside_time_window,
LO3-042,"Manhole near Ward 35 has been open for days, very dangerous",PMC ward 35 Ramnagar - Uttamnagar Shivane,"Manhole near Ward 35 has been open for days, very dangerous",PMC ward 35 Ramnagar - Uttamnagar Shivane,30,,,,outside_time_window,
LO3-043,Footpath tiles near Ward 56 are uneven and cracked,PMC ward 56 Chaitanyanagar - Bharati Vidyapeeth,Footpath tiles near Ward 56 are uneven and cracked,PMC ward 56 Chaitanyanagar - Bharati Vidyapeeth,83,,,,outside_time_window,
LO3-044,Footpath tiles near Ward 26 are uneven and cracked,PMC ward 26 Wanwadi Gaothan - Vaiduwadi,Footpath tiles near Ward 26 are uneven and cracked,PMC ward 26 Wanwadi Gaothan - Vaiduwadi,24,,,,outside_time_window,
LO3-045,"Overflowing dustbin near Ward 16, foul smell everywhere",PMC ward 16 Fergusson College - Erandwane,"Overflowing dustbin near Ward 16, foul smell everywhere",PMC ward 16 Fergusson College - Erandwane,17,,,,outside_time_window,
LO3-046,Water pressure very low near Ward 57 every morning,PMC ward 57 Sukhsagarnagar - Rajiv Gandhinagar,Water pressure very low near Ward 57 every morning,PMC ward 57 Sukhsagarnagar - Rajiv Gandhinagar,104,,,,outside_time_window,
LO3-047,Deep pothole opened up near Ward 32 after the rain,PMC ward 32 Bhusari colony - Bavdhan Khurd,Deep pothole opened up near Ward 32 after the rain,PMC ward 32 Bhusari colony - Bavdhan Khurd,67,,,,outside_time_window,
LO3-048,Unauthorized hawkers near Ward 47 blocking the footpath,PMC ward 47 Kondhva Bk - Yewalewadi,Unauthorized hawkers near Ward 47 blocking the footpath,PMC ward 47 Kondhva Bk - Yewalewadi,12,,,,outside_time_window,
LO3-049,Deep pothole opened up near Ward 52 after the rain,PMC ward 52 Nanded City - Sun City,Deep pothole opened up near Ward 57 after the rain,PMC ward 57 Sukhsagarnagar - Rajiv Gandhinagar,1,,,,different_ward_high_similarity,
LO3-050,"Manhole near Ward 47 has been open for days, very dangerous",PMC ward 47 Kondhva Bk - Yewalewadi,"Manhole near Ward 54 has been open for days, very dangerous",PMC ward 54 Dhayari - Ambegaon,7,,,,different_ward_high_similarity,
LO3-051,Footpath near Ward 43 is broken and unusable,PMC ward 43 Wanawadi - Kausar Baug,Footpath near Ward 44 is broken and unusable,PMC ward 44 Kale Boratenagar - Sasanenagar,4,,,,different_ward_high_similarity,
LO3-052,Footpath tiles near Ward 58 are uneven and cracked,PMC ward 58 Katraj - Gokulnagar,Footpath tiles near Ward 52 are uneven and cracked,PMC ward 52 Nanded City - Sun City,4,,,,different_ward_high_similarity,
LO3-053,Deep pothole opened up near Ward 42 after the rain,PMC ward 42 Ramtekadi - Sayyadnagar,Deep pothole opened up near Ward 33 after the rain,PMC ward 33 Ideal colony - Mahatma Society,7,,,,different_ward_high_similarity,
LO3-054,Several lamp posts near Ward 51 have stopped working,PMC ward 51 Vadgaon Bk - Manikbaug,Several lamp posts near Ward 45 have stopped working,PMC ward 45 Fursungi,4,,,,different_ward_high_similarity,
LO3-055,"Manhole near Ward 19 has been open for days, very dangerous",PMC ward 19 Chhatrapati Shivaji Maharaj Stadium - Rasta peth,"Manhole near Ward 36 has been open for days, very dangerous",PMC ward 36 Karvenagar,7,,,,different_ward_high_similarity,
LO3-056,Open drain near Ward 43 is a real hazard for kids,PMC ward 43 Wanawadi - Kausar Baug,Open drain near Ward 48 is a real hazard for kids,PMC ward 48 Upper Super Indiranagar,2,,,,different_ward_high_similarity,
LO3-057,Garbage not collected near Ward 32 for many days,PMC ward 32 Bhusari colony - Bavdhan Khurd,Garbage not collected near Ward 42 for many days,PMC ward 42 Ramtekadi - Sayyadnagar,2,,,,different_ward_high_similarity,
LO3-058,"Waste piling up near Ward 30, nobody has come to clear it",PMC ward 30 Jai Bhavaninagar - Kelewadi,"Waste piling up near Ward 36, nobody has come to clear it",PMC ward 36 Karvenagar,3,,,,different_ward_high_similarity,
