pair_id,issue_text,issue_category,issue_location,work_id,work_description,work_location,work_status,work_completion_date,distance_m,label_a,label_b,final_label,reason
LO4-EX-001,"Road near Ward 18 has huge craters, please fix urgently",pothole_road,Ward 18; PMC ward 18 Shaniwarwada - Kasba Peth,MPLADS-185134,"Construction of internal road from Forest to Pilanewasti road, at Karanje",Karanje; geocoded ward 18 (unverified),completed,2025-10-17,,,,,
LO4-EX-002,Deep pothole opened up near Ward 31 after the rain,pothole_road,Ward 31; PMC ward 31 Kothrud Gaothan - Shivtirthnagar,MPLADS-192203,"Road Concreting at Ward No.11, Sutardara Kothrud.",Ward No.11,completed,2026-01-30,,,,,
LO4-EX-003,"Sewage overflowing near Ward 31 again, terrible smell",drainage_sewage,Ward 31; PMC ward 31 Kothrud Gaothan - Shivtirthnagar,MPLADS-186061,"To carry out drainage works in Shravandhara area, Kothrud.",,completed,2025-10-06,,,,,
LO4-EX-004,"Drainage blocked near Ward 31, water logging every time it rains",drainage_sewage,Ward 31; PMC ward 31 Kothrud Gaothan - Shivtirthnagar,MPLADS-186062,"To carry out drainage works in Shelar Complex, Kothrud area.",,completed,2025-10-07,,,,,
LO4-EX-005,Open drain near Ward 31 is a real hazard for kids,drainage_sewage,Ward 31; PMC ward 31 Kothrud Gaothan - Shivtirthnagar,MPLADS-192198,Laying Of Drainage Line at Ward No.10 Shashtrinagar Kothrud,Ward No.10,completed,2025-09-24,,,,,
LO4-EX-006,"Manhole near Ward 31 has been open for days, very dangerous",drainage_sewage,Ward 31; PMC ward 31 Kothrud Gaothan - Shivtirthnagar,MPLADS-192200,"Laying Of Drainage Line at Ward No.11,Near Raja Shivray Pratishthan School Kothrud",Ward No.11,completed,2025-10-31,,,,,
LO4-EX-007,"Sewage overflowing near Ward 30 again, terrible smell",drainage_sewage,Ward 30; PMC ward 30 Jai Bhavaninagar - Kelewadi,MPLADS-192199,"Laying Of Drainage Line at Ward No.11, at Hanumannagar ,Kelewadi Kothrud",Ward No.11,completed,2025-08-12,,,,,
LO4-EX-008,Footpath near Ward 14 is broken and unusable,footpath,Ward 14; PMC ward 14 Pashan - Bawdhan,MPLADS-178745,Installing paving blocks in the park at Pashan Lake,Pashan Lake; geocoded ward 14 (unverified),completed,2025-12-01,,,,,
LO4-EX-009,"Completely dark near Ward 6 at night, streetlight broken",streetlight,Ward 6; PMC ward 6 Vadgaon Sheri - Ramwadi,MPLADS-183629,"Installation of Solar Lamp Pole Lights at 1. Ramwadi Chauk, 2. Dattawadi Chauk, 3. Saraswati Chauk (Backward Class Settlement)",1. Ramwadi Chauk,completed,2025-10-15,,,,,
LO4-EX-010,"Big pothole near Ward 31, almost hit it on my scooter",pothole_road,Ward 31; PMC ward 31 Kothrud Gaothan - Shivtirthnagar,MPLADS-186064,"Construction of a social hall at Kelewadi, Rajiv Gandhi Park, S.N. Kothrud.",Kelewadi; geocoded ward 30 (unverified),completed,2025-11-28,,,,,
LO4-EX-011,The road at Ward 31 has been damaged for weeks now,pothole_road,Ward 31; PMC ward 31 Kothrud Gaothan - Shivtirthnagar,MPLADS-192196,Construction Of Library at Ward No.11 Kishkindhanagar Kothrud,Ward No.11,completed,2025-10-09,,,,,
LO4-EX-012,"Road near Ward 31 has huge craters, please fix urgently",pothole_road,Ward 31; PMC ward 31 Kothrud Gaothan - Shivtirthnagar,MPLADS-192197,Repair Of Sabhagruh at Ward No.11 Kothrud,Ward No.11,completed,2025-10-09,,,,,
LO4-EX-013,"Road near Ward 28 has huge craters, please fix urgently",pothole_road,Ward 28; PMC ward 28 Mahatma Phule Smarak –Bhavani Peth,MPLADS-298635,"Erection of a meeting pavilion on the Municipal Corporation's land at Hamal Talim, Bhavani Peth, within the Pune Lok Sabha constituency.",Hamal Talim,recommended,,,,,,
LO4-EX-014,"Road near Ward 25 has huge craters, please fix urgently",pothole_road,Ward 25; PMC ward 25 Hadapsar Gaothan - Satavwadi,MPLADS-275395,"Repair of toilets in Chaitraban Colony, Hadapsar Ward No. 37, Shirur Lok Sabha Constituency",Ward No. 37,recommended,,,,,,
LO4-EX-015,The road at Ward 7 has been damaged for weeks now,pothole_road,Ward 7; PMC ward 7 Kalyaninagar - Nagpur Chawl,MPLADS-298654,"Construction of a community hall at Maharashtra Housing Board, Yerwada, near Genba Sopanrao Moze School and Praful Nagar Chowk in the Pune Lok Sabha constituency.",Maharashtra Housing Board; geocoded ward 7 (unverified),recommended,,,,,,
LO4-EX-016,"Big pothole near Ward 17, almost hit it on my scooter",pothole_road,Ward 17; PMC ward 17 Shaniwar peth - Navi Peth,MPLADS-238534,"Construction of solar power project at Patrakar Bhawan, Navi Peth Pune",Patrakar Bhawan,recommended,,,,,,
LO4-EX-017,Deep pothole opened up near Ward 17 after the rain,pothole_road,Ward 17; PMC ward 17 Shaniwar peth - Navi Peth,MPLADS-298893,"Construction of a library building on Municipal Corporation land at Shivtej Mitra Mandal, Navi Peth, within the Pune Lok Sabha constituency.",Shivtej Mitra Mandal,recommended,,,,,,
LO4-EX-018,Deep pothole opened up near Ward 52 after the rain,pothole_road,Ward 52; PMC ward 52 Nanded City - Sun City,MPLADS-269684,"Construction of new senior citizen shelters at Anandnagar and Dahanukar Colony, Kothrud, in Pune Lok Sabha constituency.",Anandnagar; geocoded ward 52 (unverified),recommended,,,,,,
LO4-EX-019,Deep pothole opened up near Ward 33 after the rain,pothole_road,Ward 33; PMC ward 33 Ideal colony - Mahatma Society,MPLADS-249736,"Ward 11 Establishment of a bus stop at Dahanukar Colony, Kothrud Down",Dahanukar Colony; Ward 11; geocoded ward 33 (unverified),recommended,,,,,,
LO4-EX-020,"Road near Ward 15 has huge craters, please fix urgently",pothole_road,Ward 15; PMC ward 15 Gokhalenagar - Vadarwadi,MPLADS-276457,"Installation of flooring in the Vetal Baba Maharaj Community Hall, Gokhalenagar.",,recommended,,,,,,
LO4-EX-021,"No proper footpath near Ward 5, pedestrians forced onto the road",footpath,Ward 5; PMC ward 5 West Kharadi - Vadgaon Sheri,MPLADS-234312,"To beautify the auditorium of Shri Swami Samarth Seva Sanstha, S. No. 42-1, Vadgaon Sheri, Pune",,recommended,,,,,,
LO4-EX-022,"No proper footpath near Ward 21, pedestrians forced onto the road",footpath,Ward 21; PMC ward 21 Koregaon park - Mundhwa,MPLADS-298616,"Installation of gym equipment, play equipment, and seating arrangements at the completed sections of the river improvement project between Bund Garden Bridge and Mundhwa in the Pune Lok Sabha constituency.",,recommended,,,,,,
LO4-EX-023,"No proper footpath near Ward 15, pedestrians forced onto the road",footpath,Ward 15; PMC ward 15 Gokhalenagar - Vadarwadi,MPLADS-276465,"Construction of a community hall at Wadar Samaj Jeevan Pratishthan, Gokhalenagar.",Wadar Samaj Jeevan Pratishthan,recommended,,,,,,
LO4-EX-024,Footpath near Ward 5 is broken and unusable,footpath,Ward 5; PMC ward 5 West Kharadi - Vadgaon Sheri,MPLADS-241217,"Development of a playground and creation of a senior citizens sitting area (Katta) on municipal land at Survey No. 42.21, Kharadi, Prabhag No. 4",,recommended,,,,,,
LO4-EX-025,Several lamp posts near Ward 31 have stopped working,streetlight,Ward 31; PMC ward 31 Kothrud Gaothan - Shivtirthnagar,MPLADS-192202,"Laying Of Drainage Line at Ward No.11, Sutardara Kothrud",Ward No.11,completed,2025-10-09,,,,,
LO4-EX-026,Streetlight near Ward 31 not working for a week,streetlight,Ward 31; PMC ward 31 Kothrud Gaothan - Shivtirthnagar,MPLADS-192205,"Laying Of Drainage Line at Ward No.11, Kishkindhanagar Kothrud",Ward No.11,completed,2025-10-09,,,,,
LO4-EX-027,"Completely dark near Ward 5 at night, streetlight broken",streetlight,Ward 5; PMC ward 5 West Kharadi - Vadgaon Sheri,MPLADS-303753,Installation of a modern jogging track and open-gym equipment at the Late Pandurang Laxman Pathare Sports Ground in Kharadi (within the Pune Lok Sabha constituency and Municipal Corporation area).,,recommended,,,,,,
LO4-EX-028,"Completely dark near Ward 34 at night, streetlight broken",streetlight,Ward 34; PMC ward 34 Warje - Kondhave Dhavde,MPLADS-249745,Ward 32 Establishment of a bus stop at Warje Malwadi Up.,Warje Malwadi Up; Ward 32,recommended,,,,,,
LO4-EX-029,"Waste piling up near Ward 31, nobody has come to clear it",garbage_waste,Ward 31; PMC ward 31 Kothrud Gaothan - Shivtirthnagar,MPLADS-210258,Construction of an S.T. stand near Kothrud Police Chowki in Pune Lok Sabha Constituency.,,recommended,,,,,,
LO4-EX-030,Deep pothole opened up near Ward 18 after the rain,pothole_road,Ward 18; PMC ward 18 Shaniwarwada - Kasba Peth,MPLADS-186052,To concretize the road from Ganeshpeth Hussain Bakery to Vegetable Market.,,completed,2025-07-31,,,,,
LO4-EX-031,"Big pothole near Ward 18, almost hit it on my scooter",pothole_road,Ward 18; PMC ward 18 Shaniwarwada - Kasba Peth,MPLADS-186533,Sai Ganesh Park S.N. 122 Khandvenagar Lohegaon Road from Arora Bungalow to Yogiraj Residency to be concretized.,,completed,2025-12-01,,,,,
LO4-EX-032,The road at Ward 18 has been damaged for weeks now,pothole_road,Ward 18; PMC ward 18 Shaniwarwada - Kasba Peth,MPLADS-186058,"To asphalt the road from Ganeshpeth, Mari Aai Mata Mandir to Pangul Ali.",,completed,2025-07-31,,,,,
LO4-EX-033,The road at Ward 22 has been damaged for weeks now,pothole_road,Ward 22; PMC ward 22 Manjari Bk. - Shewalwadi,MPLADS-186530,"Sai Ganesh Park S.No. 122, Khandvenagar Lohegaon, road in front of Shri Aaij Niwas to Kokate Niwas to be concretized.",,completed,2025-07-31,,,,,
LO4-EX-034,"Big pothole near Ward 22, almost hit it on my scooter",pothole_road,Ward 22; PMC ward 22 Manjari Bk. - Shewalwadi,MPLADS-186531,"Asphalting of roads in lane no. 01 and 02 at Sai Ganesh Park, S.N. 122, Khandwe Nagar, Lohegaon.",Sai Ganesh Park,completed,2025-07-31,,,,,
LO4-EX-035,The road at Ward 58 has been damaged for weeks now,pothole_road,Ward 58; PMC ward 58 Katraj - Gokulnagar,MPLADS-186532,"Asphalting of roads in lane no. 03 and 04 at Sai Ganesh Park, S.N. 122, Khandwe Nagar, Lohegaon.",Sai Ganesh Park,completed,2025-07-31,,,,,
LO4-EX-036,"No proper footpath near Ward 43, pedestrians forced onto the road",footpath,Ward 43; PMC ward 43 Wanawadi - Kausar Baug,MPLADS-234315,Providing and Fixing paving blocks and concreting along the well at Dr. Bandorwala Hospital Kondhwa Pune.,Dr. Bandorwala Hospital Kondhwa Pune,completed,2026-01-29,,,,,
LO4-EX-037,"Drainage blocked near Ward 18, water logging every time it rains",drainage_sewage,Ward 18; PMC ward 18 Shaniwarwada - Kasba Peth,MPLADS-186051,Replacement of drainage line and concreting of road at Shivramdada Talim Ganesh Peth.,Shivramdada Talim Ganesh Peth,completed,2025-07-31,,,,,
LO4-EX-038,"Drainage blocked near Ward 30, water logging every time it rains",drainage_sewage,Ward 30; PMC ward 30 Jai Bhavaninagar - Kelewadi,MPLADS-202717,Ward No. 16 Laying of drainage line at Headquarters Senapati Bapat Road.,Headquarters Senapati Bapat Road; Ward No. 16,completed,2025-09-19,,,,,
LO4-EX-039,Water pressure very low near Ward 57 every morning,water_supply,Ward 57; PMC ward 57 Sukhsagarnagar - Rajiv Gandhinagar,MPLADS-202718,"Ward No. 16 Installation of paving blocks at the water tank at NCC Headquarters, SB Road, Pune.",water tank at NCC Headquarters; Ward No. 16,completed,2025-09-19,,,,,
LO4-EX-040,"School gate ke bilkul paas ek khula nala hai, jisme se bohot gandi badboo aati hai aur bacche roz uske paas se guzarte hain",other,hai; PMC ward 36 Karvenagar,MPLADS-269686,"Construction of a community temple at Ganraj Mandal Karvenagar, Kothrud in Pune Lok Sabha constituency.",Ganraj Mandal Karvenagar,recommended,,,,,,
LO4-EX-041,Illegal parking near Ward 34 blocking the road,other,Ward 34; PMC ward 34 Warje - Kondhave Dhavde,MPLADS-249746,Ward 32 Establishment of a bus stop at Warje Malwadi Down.,Warje Malwadi Down; Ward 32,recommended,,,,,,
LO4-EX-042,Footpath tiles near Ward 9 are uneven and cracked,footpath,Ward 9; PMC ward 9 Yerwada,MPLADS-298637,"Construction of a footpath on Municipal Corporation land at Airport Road, near Yerwada Post Office within the Pune Lok Sabha constituency.",Airport Road; geocoded ward 2 (unverified),recommended,,,,,,
