ward_2022_id,ward_name,population,area_sqkm,year,ward_scheme,source_name,source_url,notes
1,Dhanori - Vishrantwadi,,13.070,2022,PMC 2022,PMC final ward map (prabhag rachana 2022),http://www.pmc.gov.in/sites/default/files/final_ward_maps/1_F_Ward.pdf,area_sqkm computed from the ward boundary geometry (PostGIS ST_Area on geography); population still to be read off the PDF
2,Tingrenagar - Sanjay Park,,6.051,2022,PMC 2022,PMC final ward map (prabhag rachana 2022),http://www.pmc.gov.in/sites/default/files/final_ward_maps/2_F_Ward.pdf,area_sqkm computed from the ward boundary geometry (PostGIS ST_Area on geography); population still to be read off the PDF
3,Lohegaon - Vimannagar,,31.752,2022,PMC 2022,PMC final ward map (prabhag rachana 2022),http://www.pmc.gov.in/sites/default/files/final_ward_maps/3_F_Ward.pdf,area_sqkm computed from the ward boundary geometry (PostGIS ST_Area on geography); population still to be read off the PDF
4,East Kharadi - Wagholi,,35.583,2022,PMC 2022,PMC final ward map (prabhag rachana 2022),http://www.pmc.gov.in/sites/default/files/final_ward_maps/4_F_Ward.pdf,area_sqkm computed from the ward boundary geometry (PostGIS ST_Area on geography); population still to be read off the PDF
5,West Kharadi - Vadgaon Sheri,,4.093,2022,PMC 2022,PMC final ward map (prabhag rachana 2022),http://www.pmc.gov.in/sites/default/files/final_ward_maps/5_F_Ward.pdf,area_sqkm computed from the ward boundary geometry (PostGIS ST_Area on geography); population still to be read off the PDF
6,Vadgaon Sheri - Ramwadi,,3.361,2022,PMC 2022,PMC final ward map (prabhag rachana 2022),http://www.pmc.gov.in/sites/default/files/final_ward_maps/6_F_Ward.pdf,area_sqkm computed from the ward boundary geometry (PostGIS ST_Area on geography); population still to be read off the PDF
7,Kalyaninagar - Nagpur Chawl,,6.896,2022,PMC 2022,PMC final ward map (prabhag rachana 2022),http://www.pmc.gov.in/sites/default/files/final_ward_maps/7_F_Ward.pdf,area_sqkm computed from the ward boundary geometry (PostGIS ST_Area on geography); population still to be read off the PDF
8,Kalas - Phulenagar,,4.034,2022,PMC 2022,PMC final ward map (prabhag rachana 2022),http://www.pmc.gov.in/sites/default/files/final_ward_maps/8_F_Ward.pdf,area_sqkm computed from the ward boundary geometry (PostGIS ST_Area on geography); population still to be read off the PDF
9,Yerwada,,1.151,2022,PMC 2022,PMC final ward map (prabhag rachana 2022),http://www.pmc.gov.in/sites/default/files/final_ward_maps/9_F_Ward.pdf,area_sqkm computed from the ward boundary geometry (PostGIS ST_Area on geography); population still to be read off the PDF
10,Shivajinagar Gaothan - Sangamwadi,,7.405,2022,PMC 2022,PMC final ward map (prabhag rachana 2022),http://www.pmc.gov.in/sites/default/files/final_ward_maps/10_F_Ward.pdf,area_sqkm computed from the ward boundary geometry (PostGIS ST_Area on geography); population still to be read off the PDF
11,Bopodi - Savitribai Phule Pune University,,7.108,2022,PMC 2022,PMC final ward map (prabhag rachana 2022),http://www.pmc.gov.in/sites/default/files/final_ward_maps/11_F_Ward.pdf,area_sqkm computed from the ward boundary geometry (PostGIS ST_Area on geography); population still to be read off the PDF
12,Aundh - Balewadi,,12.239,2022,PMC 2022,PMC final ward map (prabhag rachana 2022),http://www.pmc.gov.in/sites/default/files/final_ward_maps/12_F_Ward.pdf,area_sqkm computed from the ward boundary geometry (PostGIS ST_Area on geography); population still to be read off the PDF
13,Baner - Sus - Mahalunge,,20.826,2022,PMC 2022,PMC final ward map (prabhag rachana 2022),http://www.pmc.gov.in/sites/default/files/final_ward_maps/13_F_Ward.pdf,area_sqkm computed from the ward boundary geometry (PostGIS ST_Area on geography); population still to be read off the PDF
14,Pashan - Bawdhan,,19.162,2022,PMC 2022,PMC final ward map (prabhag rachana 2022),http://www.pmc.gov.in/sites/default/files/final_ward_maps/14_F_Ward.pdf,area_sqkm computed from the ward boundary geometry (PostGIS ST_Area on geography); population still to be read off the PDF
15,Gokhalenagar - Vadarwadi,,4.784,2022,PMC 2022,PMC final ward map (prabhag rachana 2022),http://www.pmc.gov.in/sites/default/files/final_ward_maps/15_F_Ward.pdf,area_sqkm computed from the ward boundary geometry (PostGIS ST_Area on geography); population still to be read off the PDF
16,Fergusson College - Erandwane,,5.808,2022,PMC 2022,PMC final ward map (prabhag rachana 2022),http://www.pmc.gov.in/sites/default/files/final_ward_maps/16_F_Ward.pdf,area_sqkm computed from the ward boundary geometry (PostGIS ST_Area on geography); population still to be read off the PDF
17,Shaniwar peth - Navi Peth,,2.279,2022,PMC 2022,PMC final ward map (prabhag rachana 2022),http://www.pmc.gov.in/sites/default/files/final_ward_maps/17_F_Ward.pdf,area_sqkm computed from the ward boundary geometry (PostGIS ST_Area on geography); population still to be read off the PDF
18,Shaniwarwada - Kasba Peth,,1.097,2022,PMC 2022,PMC final ward map (prabhag rachana 2022),http://www.pmc.gov.in/sites/default/files/final_ward_maps/18_F_Ward.pdf,area_sqkm computed from the ward boundary geometry (PostGIS ST_Area on geography); population still to be read off the PDF
19,Chhatrapati Shivaji Maharaj Stadium - Rasta peth,,1.033,2022,PMC 2022,PMC final ward map (prabhag rachana 2022),http://www.pmc.gov.in/sites/default/files/final_ward_maps/19_F_Ward.pdf,area_sqkm computed from the ward boundary geometry (PostGIS ST_Area on geography); population still to be read off the PDF
20,Pune Station -Matoshri Ramabai Ambedkar Road,,4.174,2022,PMC 2022,PMC final ward map (prabhag rachana 2022),http://www.pmc.gov.in/sites/default/files/final_ward_maps/20_F_Ward.pdf,area_sqkm computed from the ward boundary geometry (PostGIS ST_Area on geography); population still to be read off the PDF
21,Koregaon park - Mundhwa,,8.330,2022,PMC 2022,PMC final ward map (prabhag rachana 2022),http://www.pmc.gov.in/sites/default/files/final_ward_maps/21_F_Ward.pdf,area_sqkm computed from the ward boundary geometry (PostGIS ST_Area on geography); population still to be read off the PDF
22,Manjari Bk. - Shewalwadi,,31.332,2022,PMC 2022,PMC final ward map (prabhag rachana 2022),http://www.pmc.gov.in/sites/default/files/final_ward_maps/22_F_Ward.pdf,area_sqkm computed from the ward boundary geometry (PostGIS ST_Area on geography); population still to be read off the PDF
23,Sadesataranali - Aakashwani,,7.165,2022,PMC 2022,PMC final ward map (prabhag rachana 2022),http://www.pmc.gov.in/sites/default/files/final_ward_maps/23_F_Ward.pdf,area_sqkm computed from the ward boundary geometry (PostGIS ST_Area on geography); population still to be read off the PDF
24,Magarpatta - Sadhana Vidyalaya,,5.298,2022,PMC 2022,PMC final ward map (prabhag rachana 2022),http://www.pmc.gov.in/sites/default/files/final_ward_maps/24_F_Ward.pdf,area_sqkm computed from the ward boundary geometry (PostGIS ST_Area on geography); population still to be read off the PDF
25,Hadapsar Gaothan - Satavwadi,,1.847,2022,PMC 2022,PMC final ward map (prabhag rachana 2022),http://www.pmc.gov.in/sites/default/files/final_ward_maps/25_F_Ward.pdf,area_sqkm computed from the ward boundary geometry (PostGIS ST_Area on geography); population still to be read off the PDF
26,Wanwadi Gaothan - Vaiduwadi,,4.560,2022,PMC 2022,PMC final ward map (prabhag rachana 2022),http://www.pmc.gov.in/sites/default/files/final_ward_maps/26_F_Ward.pdf,area_sqkm computed from the ward boundary geometry (PostGIS ST_Area on geography); population still to be read off the PDF
27,Kasewadi - Lohiyanagar,,0.944,2022,PMC 2022,PMC final ward map (prabhag rachana 2022),http://www.pmc.gov.in/sites/default/files/final_ward_maps/27_F_Ward.pdf,area_sqkm computed from the ward boundary geometry (PostGIS ST_Area on geography); population still to be read off the PDF
28,Mahatma Phule Smarak –Bhavani Peth,,0.818,2022,PMC 2022,PMC final ward map (prabhag rachana 2022),http://www.pmc.gov.in/sites/default/files/final_ward_maps/28_F_Ward.pdf,area_sqkm computed from the ward boundary geometry (PostGIS ST_Area on geography); population still to be read off the PDF
29,Ghorpade peth Udyan - Mahatma Phule Mandai,,1.248,2022,PMC 2022,PMC final ward map (prabhag rachana 2022),http://www.pmc.gov.in/sites/default/files/final_ward_maps/29_F_Ward.pdf,area_sqkm computed from the ward boundary geometry (PostGIS ST_Area on geography); population still to be read off the PDF
30,Jai Bhavaninagar - Kelewadi,,3.097,2022,PMC 2022,PMC final ward map (prabhag rachana 2022),http://www.pmc.gov.in/sites/default/files/final_ward_maps/30_F_Ward.pdf,area_sqkm computed from the ward boundary geometry (PostGIS ST_Area on geography); population still to be read off the PDF
31,Kothrud Gaothan - Shivtirthnagar,,1.843,2022,PMC 2022,PMC final ward map (prabhag rachana 2022),http://www.pmc.gov.in/sites/default/files/final_ward_maps/31_F_Ward.pdf,area_sqkm computed from the ward boundary geometry (PostGIS ST_Area on geography); population still to be read off the PDF
32,Bhusari colony - Bavdhan Khurd,,4.556,2022,PMC 2022,PMC final ward map (prabhag rachana 2022),http://www.pmc.gov.in/sites/default/files/final_ward_maps/32_F_Ward.pdf,area_sqkm computed from the ward boundary geometry (PostGIS ST_Area on geography); population still to be read off the PDF
33,Ideal colony - Mahatma Society,,8.607,2022,PMC 2022,PMC final ward map (prabhag rachana 2022),http://www.pmc.gov.in/sites/default/files/final_ward_maps/33_F_Ward.pdf,area_sqkm computed from the ward boundary geometry (PostGIS ST_Area on geography); population still to be read off the PDF
34,Warje - Kondhave Dhavde,,27.957,2022,PMC 2022,PMC final ward map (prabhag rachana 2022),http://www.pmc.gov.in/sites/default/files/final_ward_maps/34_F_Ward.pdf,area_sqkm computed from the ward boundary geometry (PostGIS ST_Area on geography); population still to be read off the PDF
35,Ramnagar - Uttamnagar Shivane,,4.682,2022,PMC 2022,PMC final ward map (prabhag rachana 2022),http://www.pmc.gov.in/sites/default/files/final_ward_maps/35_F_Ward.pdf,area_sqkm computed from the ward boundary geometry (PostGIS ST_Area on geography); population still to be read off the PDF
36,Karvenagar,,2.628,2022,PMC 2022,PMC final ward map (prabhag rachana 2022),http://www.pmc.gov.in/sites/default/files/final_ward_maps/36_F_Ward.pdf,area_sqkm computed from the ward boundary geometry (PostGIS ST_Area on geography); population still to be read off the PDF
37,Janata Vasahat - Dattawadi,,1.815,2022,PMC 2022,PMC final ward map (prabhag rachana 2022),http://www.pmc.gov.in/sites/default/files/final_ward_maps/37_F_Ward.pdf,area_sqkm computed from the ward boundary geometry (PostGIS ST_Area on geography); population still to be read off the PDF
38,Shivdarshan - Padmavati,,2.743,2022,PMC 2022,PMC final ward map (prabhag rachana 2022),http://www.pmc.gov.in/sites/default/files/final_ward_maps/38_F_Ward.pdf,area_sqkm computed from the ward boundary geometry (PostGIS ST_Area on geography); population still to be read off the PDF
39,Market yard - Maharshinagar,,2.705,2022,PMC 2022,PMC final ward map (prabhag rachana 2022),http://www.pmc.gov.in/sites/default/files/final_ward_maps/39_F_Ward.pdf,area_sqkm computed from the ward boundary geometry (PostGIS ST_Area on geography); population still to be read off the PDF
40,Bibvewadi - Gangadham,,4.945,2022,PMC 2022,PMC final ward map (prabhag rachana 2022),http://www.pmc.gov.in/sites/default/files/final_ward_maps/40_F_Ward.pdf,area_sqkm computed from the ward boundary geometry (PostGIS ST_Area on geography); population still to be read off the PDF
41,Kondhva Kh - Mithanagar,,1.954,2022,PMC 2022,PMC final ward map (prabhag rachana 2022),http://www.pmc.gov.in/sites/default/files/final_ward_maps/41_F_Ward.pdf,area_sqkm computed from the ward boundary geometry (PostGIS ST_Area on geography); population still to be read off the PDF
42,Ramtekadi - Sayyadnagar,,8.077,2022,PMC 2022,PMC final ward map (prabhag rachana 2022),http://www.pmc.gov.in/sites/default/files/final_ward_maps/42_F_Ward.pdf,area_sqkm computed from the ward boundary geometry (PostGIS ST_Area on geography); population still to be read off the PDF
43,Wanawadi - Kausar Baug,,4.155,2022,PMC 2022,PMC final ward map (prabhag rachana 2022),http://www.pmc.gov.in/sites/default/files/final_ward_maps/43_F_Ward.pdf,area_sqkm computed from the ward boundary geometry (PostGIS ST_Area on geography); population still to be read off the PDF
44,Kale Boratenagar - Sasanenagar,,3.506,2022,PMC 2022,PMC final ward map (prabhag rachana 2022),http://www.pmc.gov.in/sites/default/files/final_ward_maps/44_F_Ward.pdf,area_sqkm computed from the ward boundary geometry (PostGIS ST_Area on geography); population still to be read off the PDF
45,Fursungi,,6.508,2022,PMC 2022,PMC final ward map (prabhag rachana 2022),http://www.pmc.gov.in/sites/default/files/final_ward_maps/45_F_Ward.pdf,area_sqkm computed from the ward boundary geometry (PostGIS ST_Area on geography); population still to be read off the PDF
46,Mohammad wadi - Uruli Devachi,,44.595,2022,PMC 2022,PMC final ward map (prabhag rachana 2022),http://www.pmc.gov.in/sites/default/files/final_ward_maps/46_F_Ward.pdf,area_sqkm computed from the ward boundary geometry (PostGIS ST_Area on geography); population still to be read off the PDF
47,Kondhva Bk - Yewalewadi,,17.206,2022,PMC 2022,PMC final ward map (prabhag rachana 2022),http://www.pmc.gov.in/sites/default/files/final_ward_maps/47_F_Ward.pdf,area_sqkm computed from the ward boundary geometry (PostGIS ST_Area on geography); population still to be read off the PDF
48,Upper Super Indiranagar,,1.503,2022,PMC 2022,PMC final ward map (prabhag rachana 2022),http://www.pmc.gov.in/sites/default/files/final_ward_maps/48_F_Ward.pdf,area_sqkm computed from the ward boundary geometry (PostGIS ST_Area on geography); population still to be read off the PDF
49,Balajinagar - Shankar Maharaj Math,,1.493,2022,PMC 2022,PMC final ward map (prabhag rachana 2022),http://www.pmc.gov.in/sites/default/files/final_ward_maps/49_F_Ward.pdf,area_sqkm computed from the ward boundary geometry (PostGIS ST_Area on geography); population still to be read off the PDF
50,Sahakarnagar - Taljai,,2.865,2022,PMC 2022,PMC final ward map (prabhag rachana 2022),http://www.pmc.gov.in/sites/default/files/final_ward_maps/50_F_Ward.pdf,area_sqkm computed from the ward boundary geometry (PostGIS ST_Area on geography); population still to be read off the PDF
51,Vadgaon Bk - Manikbaug,,6.074,2022,PMC 2022,PMC final ward map (prabhag rachana 2022),http://www.pmc.gov.in/sites/default/files/final_ward_maps/51_F_Ward.pdf,area_sqkm computed from the ward boundary geometry (PostGIS ST_Area on geography); population still to be read off the PDF
52,Nanded City - Sun City,,6.229,2022,PMC 2022,PMC final ward map (prabhag rachana 2022),http://www.pmc.gov.in/sites/default/files/final_ward_maps/52_F_Ward.pdf,area_sqkm computed from the ward boundary geometry (PostGIS ST_Area on geography); population still to be read off the PDF
53,Khadakwasla - Narhe,,28.866,2022,PMC 2022,PMC final ward map (prabhag rachana 2022),http://www.pmc.gov.in/sites/default/files/final_ward_maps/53_F_Ward.pdf,area_sqkm computed from the ward boundary geometry (PostGIS ST_Area on geography); population still to be read off the PDF
54,Dhayari - Ambegaon,,26.260,2022,PMC 2022,PMC final ward map (prabhag rachana 2022),http://www.pmc.gov.in/sites/default/files/final_ward_maps/54_F_Ward.pdf,area_sqkm computed from the ward boundary geometry (PostGIS ST_Area on geography); population still to be read off the PDF
55,Dhankawadi - Ambegaon Pathar,,3.539,2022,PMC 2022,PMC final ward map (prabhag rachana 2022),http://www.pmc.gov.in/sites/default/files/final_ward_maps/55_F_Ward.pdf,area_sqkm computed from the ward boundary geometry (PostGIS ST_Area on geography); population still to be read off the PDF
56,Chaitanyanagar - Bharati Vidyapeeth,,1.990,2022,PMC 2022,PMC final ward map (prabhag rachana 2022),http://www.pmc.gov.in/sites/default/files/final_ward_maps/56_F_Ward.pdf,area_sqkm computed from the ward boundary geometry (PostGIS ST_Area on geography); population still to be read off the PDF
57,Sukhsagarnagar - Rajiv Gandhinagar,,2.865,2022,PMC 2022,PMC final ward map (prabhag rachana 2022),http://www.pmc.gov.in/sites/default/files/final_ward_maps/57_F_Ward.pdf,area_sqkm computed from the ward boundary geometry (PostGIS ST_Area on geography); population still to be read off the PDF
58,Katraj - Gokulnagar,,20.420,2022,PMC 2022,PMC final ward map (prabhag rachana 2022),http://www.pmc.gov.in/sites/default/files/final_ward_maps/58_F_Ward.pdf,area_sqkm computed from the ward boundary geometry (PostGIS ST_Area on geography); population still to be read off the PDF
