SYN-C-0501	Sahakar Nagar gatarat paani sadtay, daas ghar bhar. Kuni lakshya denar ki nahi?
SYN-C-0502	Baarish aane wali hai aur Vishrantwadi ki naaliyan abhi tak saaf nahi hui. Pichhli baar paani ghar ke andar tak aa gaya tha, is baar phir wahi dar hai.
SYN-C-0503	Dhanori main road pe dukaan ke saamne footpath hai hi nahi. Grahak road pe khade hote hain aur trucks unke bilkul paas se nikalte hain. Kitni baar bolein?
SYN-C-0504	Aamchya galli madhla ek diva mahinabhar pasun dhaktoy, kadhi chalu kadhi band. Raatri gaadi chalavtana dolyanna tras hoto, ani samorcha khadda disat nahi. Kripaya to bulb badla, sadha kaam aahe pan konich karat nahi. Ek mahina zala complaint karun, ajun kuni aala nahi, ata kharach bhiti vataty.
SYN-C-0505	Dhayari la chamber madhun vaas, nalachya panyala pan tasach vaas.
SYN-C-0506	Chandannagar madhe paus suru vhayla ala tari gatarancha safai zaleli nahi. Last year aamchya hostel samor gudghabhar paani sachla hota ani exam la jatana aamhi tyatunach gelo. Tya veli sangitla hota pudhchya varshi aadhi safai karu, pan he varsha pan tech. Please ya veli tari vel astana kaam kara.
SYN-C-0507	Wanowrie mein 12 mein se 3 lights hi chalti hain, baaki sab band.
SYN-C-0508	पानी सिर्फ़ दस मिनट आता है, कृपया समय बढ़ाइए।
SYN-C-0509	Wadgaon Sheri mein raat 12 baje ke baad saari lights band ho jaati hain. Late night delivery karte waqt bahut andhera hota hai, kripya timer theek karwa dijiye.
SYN-C-0510	एनआईबीएम रोड पर हमारी सोसाइटी वाली सड़क पर पंद्रह खंभे हैं और सिर्फ़ चार पर बल्ब जलता है। ऑफिस से देर रात लौटते समय आधा रास्ता अंधेरे में तय करना पड़ता है। तीन बार ऑनलाइन शिकायत की, हर बार 'समाधान हो गया' लिखकर बंद कर दी गई। कोई आकर देखे तो सही।
SYN-C-0511	Ghorpadi mein hamare hostel ke bahar wali streetlite ek ped ne poori tarah dhak li hai. Bulb jal raha hai par roshni ped ko mil rahi hai, humein nahi. Branches kaato plz.
SYN-C-0512	पाषाण में दुकान के सामने पाइपलाइन फट गई है और सुबह से पानी बह रहा है। पूरी सड़क गीली है, ग्राहक आ ही नहीं पा रहे। कृपया जल्दी मरम्मत करवाइए।
SYN-C-0513	Kondhwa mein four days se no water at all. Request hai ki jaldi supply shuru karein, ya kam se kam tanker bhej dein.
SYN-C-0514	NIBM Road pe raat 11 ke baad bhi loudspeaker bajta hai.
SYN-C-0515	सिंहगड रोडच्या बागेत मुलांची swings आणि slide तुटलेली आहेत. मी मुलीला घेऊन गेले तर ती खेळायला हट्ट करते आणि मला नाही म्हणावं लागतं. एक slide ची बाजू धारदार झालीय, it can really hurt a child. कृपया लवकर दुरुस्ती करा किंवा निदान ते भाग बंद करा.
SYN-C-0516	कोंढवा में पाइपलाइन के लिए फुटपाथ खोदा गया था, अब वहाँ बस गड्ढा है और लोग सड़क के किनारे से चलते हैं। सोसाइटी के बुज़ुर्ग सदस्यों के लिए यह बहुत खतरनाक है।
SYN-C-0517	Footpath var ashya tiles lavlyat ki pavsat ice skating shikayla class lagnar nahi. Office la jatana roj ghasrun jaanyachi practice hote.
SYN-C-0518	Wanowrie madhe gaayi ani mhashi rastyachya madhe basun astat, jase rasta tyanchach aahe. College la jatana bike thambvun vaat baghavi lagte.
SYN-C-0519	Kachra gheun jaat nahit, ola-suka mhanun.
SYN-C-0520	Tilak road var khamb zuklay, krupaya lavkar ubha kara.
SYN-C-0521	The streetlight near the Deccan bus stop has been swallowed by a huge tree. Every evening the stop is dark even though the bulb is on.
SYN-C-0522	Kharadi madhe navin patch kelyavar rastyavar bajri padli aahe. Dukanasamor roj bikes ghasartat, please rasta neet saaf karun ghya.
SYN-C-0523	शिवाजीनगरला आमच्या सोसायटीच्या gate जवळ sewage line leak होतेय. रात्री घरी येताना त्या घाण पाण्यातून जावं लागतं आणि वास सहन होत नाही.
SYN-C-0524	आमच्या नळाच्या पाण्याला इतका घाण वास येतो की ते पाणी पिण्याऐवजी खत म्हणून वापरता येईल. रोज प्रवास करून घरी आल्यावर पाणी विकत घ्यावं लागतं. मुलं आणि वृद्ध आजारी पडले तर जबाबदारी कोणाची? तातडीने पाण्याची तपासणी करावी.
SYN-C-0525	Viman Nagar mein pipeline burst ho gayi hai, poore road pe paani. Bike fisal rahi hai, please fix it fast.
SYN-C-0526	Lohegaon mein din bhar streetlights on rehti hain, bijli waste. Aur signal ke paas wali light raat ko hi band hoti hai, kripya check karein.
SYN-C-0527	Dhankawadi footpath var hawkers, mula rastyavar chaltat. Bhiti vatate.
SYN-C-0528	Model Colony la varchya majlyavar paani nahi, ani gatarache paani tank javal sachte. Pls bagha.
SYN-C-0529	Hamare area mein ek din chhod ke paani aana tha, lekin is hafte do baar supply aaya hi nahi. Subah ki shift ke liye jaldi nikalna hota hai, bina paani ke kaise taiyaar hoon? Tanker ka kharcha bhi har kisi ke bas ka nahi. Kripya supply niyamit karein.
SYN-C-0530	आमच्या रस्त्यावर आतापर्यंत इतके पॅच मारलेत की त्याला आता रस्ता नाही, गोधडी म्हणावं लागेल. प्रत्येक पावसानंतर नवीन खड्डा, नवीन पॅच, आणि पुढच्या पावसात परत तेच. रोज प्रवास करणाऱ्यांची पाठ मोडली आहे. एकदा व्यवस्थित डांबरीकरण करा.
SYN-C-0531	Shaniwar Peth madhe aamchya society la char divas paani nahi. Sadasyanchi khup gairsoy hot aahe, krupaya tatkal vyavastha karavi.
SYN-C-0532	Tilak Road footpath tils bahut slipery hain, rain mein gir gayi.
SYN-C-0533	Rasta Peth madhe dukanasamorchya rastyavarche lane marking ata disat nahit. Gaadya vakdya tikdya parking kartat, please punha paint kara.
SYN-C-0534	Wanowrie mein naya speed breaker banaya hai, very thoughtful, bas usko dikhne layak rang karna bhool gaye. Raat ko har bike wala usse milke hawa mein udta hai. Kal ek scooter wali aunty gir gayi. Paint karwa do please, ya phir warning board hi laga do.
SYN-C-0535	विश्रांतवाडीच्या मुख्य रस्त्यावर बहुतेक street lights बंद आहेत, फक्त दोन-तीन चालू. रोज office मधून उशिरा परतताना हीच परिस्थिती असते. आता तक्रार करूनही उपयोग होत नाही असं वाटतं, पण तरीही एकदा बघा.
SYN-C-0536	Sadashiv Peth madhe paanyachi vel achanak badalli, ata dupari yeta. Ani nalyatun je paani yeta tyala gatarasarkha vaas yeto.
SYN-C-0537	Undri road pe ek streetlight ped ke peeche chhup gayi hai, light neeche aati hi nahi. Branches trim kar dein toh badhiya.
SYN-C-0538	Kothrud mein hamari society ke bagal wale lawn mein har weekend der raat tak DJ bajta hai. Members ne kai baar complain kiya hai, kripya dhyan dein.
SYN-C-0539	गोखलेनगरमध्ये एका building च्या कामाचं साहित्य footpath वरच ठेवलेलं आहे. रेती, खडी, सळ्या सगळं पसरलंय. मला रात्री घरी चालत यावं लागतं, आणि मग मला रस्त्यावरून चालावं लागतं. Builder ला सांगितलं तर तो दुर्लक्ष करतो.
SYN-C-0540	The stretch past the Lohegaon park is pitch dark and the speed limit board is gone too.
SYN-C-0541	Yerawada la aamhi tanker var depend, municipal water yetach nahi. Please help.
SYN-C-0542	Fursungi la daas khup vadhle aahet. Bus stop var ubha rahila tar chavtatach. Krupaya fogging chi vyavastha karavi.
SYN-C-0543	Ghorpadi la shops ne footpath ghetla, chalayla jaga nahi.
SYN-C-0544	Terrible water pressure in our FC Road building. Barely a trickle.
SYN-C-0545	बालेवाडीत मुख्य जलवाहिनी गळतेय, पाणी वाया जातंय.
SYN-C-0546	तिलक रोड पर कॉलेज के पास फुटपाथ बीच में अचानक खत्म हो जाता है। आगे नाला है और रास्ता नहीं, रात को कोई भी गिर सकता है।
SYN-C-0547	Chandannagar la patch nantar sagli bajri rastyavar padli aahe. Dukanasamor divasatun don-teen bikes ghasartat, aamhi uthavaylach dhavto. Kantala aala ata.
SYN-C-0548	Bavdhan mein ghar mein sewaj ka paani ghus gaya, plz jaldi madad kro.
SYN-C-0549	Kothrud madhe Paud road var lane chya resha pusun gelyat. Krupaya punha rangavavya.
SYN-C-0550	Dhanori mein school jaane wale raaste pe footpath hi nahi hai. Bachche aur bade sab road ke kinare chalte hain, bagal se tempo nikalte hain.
SYN-C-0551	Aamchya colony chya rastyavar ek mela kutra don divas pasun padla aahe. Vaas yetoy ani mula tithunach shalet jatat. Krupaya lavkar uchalnyachi vyavstha kara, aajar pasraychi bhiti vatate.
SYN-C-0552	FC Road var Goodluck chowk javal 'No Parking' ani 'One Way' che board ek mothya hoarding mage lapun gele aahet. Lokanna kalatach nahi ani traffic police fine martat. Mi mulala class la sodayla jaate tevha roj he baghte. Hoarding kadha kinva board pudhe lava.
SYN-C-0553	Storm drain varcha zakan gayab aahe, mothha khadda. Riksha cha chaak adakla hota kaal.
SYN-C-0554	बिबवेवाडीत मुख्य पाईपलाईनमधून पाणी गळतंय, पण कोणालाही पर्वा नाही. आमच्या नळाला मात्र थेंबभर पाणी येतं.
SYN-C-0555	आमच्या भागात रोज संध्याकाळी वीज जाते, कधी दोन तास तर कधी तीन. महावितरणकडे तक्रार करूनही उत्तर मिळत नाही. कृपया लक्ष द्या.
SYN-C-0556	People keep dumping garbage in the empty plot next to Erandwane bus stop. Tired of it.
SYN-C-0557	Sutarwadi galli madhe one way board nahi, gaadya donhi bajune yetat, risky aahe.
SYN-C-0558	Bavdhan madhe aamchya hostel javalchya chamber madhun ghaan vaas yeto. Raatri abhyas kartana khidki band thevavi lagte, krupaya safai kara.
SYN-C-0559	गणेश पेठेत zebra crossing पुसून गेलीय आणि तिथला streetlight पण बंद. रात्री crossing कुठे आहे तेच कळत नाही.
SYN-C-0560	Signal band, chalnaryansathi kahich nahi!
SYN-C-0561	Gokhale Nagar mein footpath nahi hai, aur road ke kinare kachra pada rehta hai. Please dono dekh lijiye.
SYN-C-0562	तिलक रोडजवळच्या मोकळ्या प्लॉटवर लोक कचरा टाकतात. थांबवा हे!
SYN-C-0563	Narayan Peth madhe aamchya dukanachya maagchya bathroom madhun gatarache paani ulta yetay. Two days zale, ata customers la pan vaas yeto. Society chi main line block asel, please team pathva. Aamhi swatah plumber bolavla pan to mhanto main line cha problem aahe.
SYN-C-0564	Shaniwar Peth javalcha nala plastic ne purna bharla aahe. Paus aala tar paani rastyavar yeil, krupaya lavkar saaf kara.
SYN-C-0565	The new speed breaker near Yerawada jail road has no paint at all. Autos and bikes hit it at full speed because nobody can see it. Put some paint and a board up please.
SYN-C-0566	Valnavar cha khadda mhanje free roller coaster.
SYN-C-0567	A big branch fell on the Camp road near the church two days ago and it's still lying there, blocking half the lane. Nobody from the tree department has come. Is it waiting to rot?
SYN-C-0568	आमच्या दुकानासमोरचा फुटपाथ अचानक संपतो आणि पुढे थेट उंच पायरी व रस्ता आहे. गिऱ्हाईक रोज अडखळतात, कृपया पुढचा भाग बांधा.
SYN-C-0569	Tilak road footpath var bikes.
SYN-C-0570	Aamchya bhagat roj raatri konitari kachryacha dhig jalvata. Bike varun ghari yetana dhurat kahi disatach nahi, dole jaltat. Gharat pan dhur shirto, mulancha khokla thambat nahi. Krupaya ya thikani kachra jalnyavar bandi ghala ani kachra niyamit uchla.
SYN-C-0571	Kharadi madhe aamchya society javalchya mokalya plot var lok kachra fektat. Mulanna tithe khelayla pathvayla bhiti vatate, undir ani saap distat.
SYN-C-0572	Sinhagad road la aamchya flat madhe bathroom drain madhun gatarache paani ulta yetay. Society chi line tapasun ghyavi.
SYN-C-0573	Our Tilak Road building's third floor hasn't seen tap water in a week. I guess water is afraid of heights. Carrying buckets up every evening after work is not fun.
SYN-C-0574	कल्याणीनगरमध्ये फुटपाथवर दुचाकी उभ्या असतात आणि बाजूला कचऱ्याचे ढीग. आम्हा विद्यार्थ्यांना चालायला जागाच नाही, कृपया लक्ष द्या.
SYN-C-0575	Bibwewadi bus stop is pitch dark at night and the footpath beside it is broken.
SYN-C-0576	हडपसरमध्ये दुकानदारांनी फुटपाथवर आपलं सामान मांडलंय. आम्हा ज्येष्ठ नागरिकांना रस्त्यावरून चालावं लागतं. कृपया फुटपाथ मोकळा करा.
SYN-C-0577	Model Colony mein restaurants raat ko kachra road pe phenk dete hain. Disgusting.
SYN-C-0578	आमच्या गल्लीतल्या खांबावरचा दिवा फुटलाय आणि तिथेच वळणावर 'पुढे वळण' चा फलक आहे, जो आता अंधारात दिसतच नाही. रात्री मुलांना क्लासवरून आणताना गाड्या अचानक वळणावर येतात. अनेक वेळा सांगितलं, कोणी ऐकत नाही. आणखी किती वाट पाहायची?
SYN-C-0579	बिबवेवाड़ी में फुटपाथ पर ठेले वालों ने कब्ज़ा कर लिया है, हमारी दुकान तक ग्राहक पहुँच ही नहीं पाते। कृपया फुटपाथ खाली करवाइए।
SYN-C-0580	Kharadi mein paani sirf aadha ghanta aata hai, hum buzurgon ke liye itne mein bharna mushkil hai. Kripya samay badhaaiye.
SYN-C-0581	औंध signal पे pedestrian crossing का time बहुत कम है. हम senior citizens आधा road भी पार नहीं कर पाते और गाड़ियाँ चलने लगती हैं.
SYN-C-0582	JM Road वर मोठी फांदी पडलीये, please लवकर हटवा.
SYN-C-0583	कर्वेनगरमध्ये अनधिकृत बांधकाम सुरू आहे.
SYN-C-0584	स्वारगेटजवळच्या आमच्या रस्त्याला फुटपाथच नाही. सगळे पादचारी वाहनांच्या बाजूने चालतात. कृपया फुटपाथ बांधावा.
SYN-C-0585	Burst pipeline in Erandwane, free fountain show, drinking water flowing into the drain.
SYN-C-0586	Katraj mein hamari society ke gate ke paas ek bada ped gir gaya hai. Aadhi sadak band hai aur gaadiyan nikal nahi pa rahi. Kripya jaldi hatwaaiye.
SYN-C-0587	वानवड़ी में मोड़ पर एक बड़ा गड्ढा है, जिसकी वजह से पिछले हफ्ते दो बाइकें गिरीं। सोसाइटी की ओर से अनुरोध है कि इसे तुरंत भरा जाए।
SYN-C-0588	Salunke Vihar mein paani sirf raat 2 baje aata hai. Din bhar rickshaw chalao, raat bhar paani bharo, neend kab?
SYN-C-0589	Kondhwa la chamber cha vaas dukanaat yetoy, krupaya safai karavi.
SYN-C-0590	Hadapsar la pivla signal raatbhar chalu, gondhal hoto.
SYN-C-0591	फुरसुंगीत आमच्या इमारतीमागच्या प्लॉटवर कचरा टाकला जातो. रात्री तिथून चालताना कुत्री आणि वास दोन्ही सहन करावं लागतं.
SYN-C-0592	हमारे बच्चों के स्कूल के सामने की सड़क पर कोई स्पीड ब्रेकर नहीं है। सुबह गाड़ियाँ इतनी तेज़ निकलती हैं कि बच्चों को सड़क पार कराते समय दिल धड़कता है। कई बार आवेदन दिया, जवाब नहीं आया। अब थक गए हैं, पर बच्चों की सुरक्षा के लिए फिर से लिख रहे हैं।
SYN-C-0593	Hamare area mein ek direction board laga hai jo bilkul ulta raasta dikhata hai. Naye log roz galat mud jaate hain aur fir society ke andar ghus aate hain. Hum society ki taraf se teen baar likh chuke hain. Board ko sahi disha mein ghumaana itna mushkil kaam hai kya?
SYN-C-0594	Kharadi madhe kopryavar kachryacha dhig roj vadhtoy. Delivery sathi bike thambvayla pan jaga nahi.
SYN-C-0595	Salunke Vihar madhe cable sathi rasta khodla ani tasach sodla. Footpath pan tutla aahe, pravashi utaratana khup tras hoto. Krupaya donhi lavkar thik kara.
SYN-C-0596	Salunke Vihar madhe roj raatri kutri kachryachya pishvya fadtat. Sakali ghara samor sagla kachra. Aamhi vruddha lok, roj saaf karna shakya nahi.
SYN-C-0597	मुंढव्यातला रस्त्यावरचा दिवा झाडाच्या फांद्यांमध्ये पूर्ण झाकला गेलाय. ऑफिसमधून उशिरा येताना तो भाग अंधारात असतो, फांद्या छाटाव्यात.
SYN-C-0598	नारायण पेठ में पानी सिर्फ़ रात दो बजे आता है। लगता है पानी भी चोरी-छिपे आना पसंद करता है। दुकान खोलने से पहले पानी भरना नामुमकिन है।
SYN-C-0599	चंदननगरच्या रस्त्यावर गेल्या वर्षभरात चार वेळा डागडुजी झाली. प्रत्येक वेळी दोन आठवड्यांत खड्डे परत येतात. मुलांना शाळेत सोडताना दुचाकी आदळते, आणि मुलं घाबरतात. एकदाच नीट काम केलं तर हा खर्च वाचेल.
SYN-C-0600	Pashan madhe office javalchya rastyavar ek mela prani padla aahe, bahutek kutra. Don divas zale, vaas sagalikade pasarla aahe. Magshi, kavle yetat. Aaju-baju shala aahe ani mula tithunach jatat. Krupaya lavkar he uchalnyachi vyavstha kara.
