SYN-G-176-a	The garbage collection van hasn't come to our Kharadi lane for five days. Bags are piling up at the gate and the smell reaches the bus stop.
SYN-G-176-b	खराड़ी में पाँच दिन से कचरा गाड़ी नहीं आई। हॉस्टल के बाहर थैलियों का ढेर लग गया है और बदबू से पढ़ाई मुश्किल है। कब आएगी?
SYN-G-176-c	Kharadi में garbage van पाँच दिन से गायब है. हम बूढ़े लोग रोज़ थैली लेकर बाहर इंतज़ार करते हैं, कोई नहीं आता.
SYN-G-177-a	Koregaon Park ki main road pe itne gehre gaddhe hain ki bachchon ko scooter pe le jaana darawna hai. Kitni baar complaint karein, kuch hota hi nahi!
SYN-G-177-b	कोरेगाव पार्कच्या मुख्य रस्त्यावरचे खड्डे आता इतके खोल आहेत की त्यात मासे पाळता येतील. दुकानासमोर रोज गाड्या आदळतात.
SYN-G-177-c	The main road through Koregaon Park has several deep potholes near the lane 5 junction. Cars swerve around them at speed, and two-wheelers have fallen there twice this month that I know of. A temporary patch was done in June and washed away within a week. Please resurface this stretch properly.
SYN-G-178-a	Kondhwa madhe pratyek khambavar vadhdivasache ani rajkiya flex lavle aahet. Office la jatana roj baghto, rastyache board pan disat nahit. Vaaryat kadhi kadhi te khali padtat. Krupaya he anadhikrut flex kadhave ani punha lavu naye yachi vyavastha karavi.
SYN-G-178-b	Kondhwa mein har khambe pe hoardings lage hain, kripya hatwa dijiye.
SYN-G-178-c	Could the illegal hoardings on every pole in Kondhwa be removed? They block the road signs and occasionally fall in the wind.
SYN-G-179-a	Sahakar Nagar madhe divasbhar streetlights chalu astat. Please timer thik kara, vij vaaya jate.
SYN-G-179-b	In Sahakar Nagar the streetlights on our road burn all day, from morning until evening. At night, several of them are off. We've written to the electrical department twice on behalf of the society. It's absurd to waste this much electricity while residents walk home in the dark. Please fix the timers.
SYN-G-179-c	सहकारनगरमध्ये दिवसाही रस्त्यावरचे दिवे चालू असतात. कॉलेजला जाताना रोज बघतो, वीज फुकट जाते.
SYN-G-180-a	Small cracks are forming on our Hadapsar road. Could they be sealed before the monsoon?
SYN-G-180-b	Hadapsar madhe aamchya dukanasamorchya rastyala barik bhega padlya aahet. Ata lahan aahet pan pavsat tyat paani jail ani khadde hotil. Aata durusti keli tar kharch kami hoil. Krupaya lavkar lakshya dyave, dhanyavad.
SYN-G-180-c	हडपसर की सड़क पर दरारें आ रही हैं।
SYN-G-181-a	मार्केट यार्डच्या मुख्य रस्त्यावर इतके खोल खड्डे आहेत की माल आणणारे टेम्पोही हेलकावे खातात. दुकानदारांनी महापालिकेला 'धन्यवाद' द्यायचं ठरवलंय.
SYN-G-181-b	Market Yard main road pe bahut deep potholes hain, society ki gaadiyan roz nuksaan uthati hain. Kab bharoge?
SYN-G-181-c	Market Yard mukhya rastyavar khol khadde aahet. College la jatana bike khup hadarte. Please lavkar repair kara.
SYN-G-182-a	Senapati Bapat road var 'No Parking' cha board mothya flex mage lapla aahe! Aamhi vruddha lok gaadyanmule chalu shakat nahi, kuni laksha det nahi!
SYN-G-182-b	सेनापती बापट रस्त्यावरचा 'नो पार्किंग' फलक होर्डिंगमागे झाकलाय.
SYN-G-182-c	S B Road var No Parking board ek flex mage lapla aahe. Mhanun lok aamchya society samor gaadya lavtat. Tired of complaining, please flex kadha.
SYN-G-183-a	NIBM Road pe jhaadu nahi lagti, dhool aur patte har jagah. Frustrating.
SYN-G-183-b	Could the NIBM Road stretch outside the shops be swept regularly? Dust settles on everything.
SYN-G-183-c	NIBM Road pe sweeping nahi hoti, bachche dust mein.
SYN-G-184-a	सहकारनगरच्या शाळेसमोर मोठे खड्डे आहेत. रोज संध्याकाळी त्याच रस्त्याने घरी जाते, मुलं तिथे खेळताना पाहून काळजी वाटते.
SYN-G-184-b	Sahakar Nagar madhe shalesamor mothe khadde aahet. Dukanasamor roj mulanchya cycle adaktat, krupaya bujva.
SYN-G-184-c	सहकार नगर में स्कूल के सामने गड्ढे हैं, कृपया भरवाइए।
SYN-G-185-a	Sutarwadi's alternate-day water supply was skipped twice this week. I'm tired of planning around a supply that doesn't show up.
SYN-G-185-b	सुतारवाडीत एकदिवसाआड येणारं पाणी या आठवड्यात दोनदा आलंच नाही. कृपया पुरवठा नियमित करावा.
SYN-G-185-c	Sutarwadi madhe ekadlya divshi yenara paani ya aathvadyat don vela aala nahi. Riksha dhuvayla sodun dya, pyayla pan paani nahi. Bhiti vatate unhalyat kay hoil.
SYN-G-186-a	There is an open manhole on the road outside our college in Hadapsar. Students walk past it every day and it has no cover, no barricade, nothing. We reported it last week. Is someone going to fall in before it gets fixed? This is completely unacceptable.
SYN-G-186-b	हडपसर में कॉलेज के बाहर एक मैनहोल खुला पड़ा है। शाम को अकेले लौटते समय अँधेरे में वो दिखता भी नहीं, बहुत डर लगता है।
SYN-G-186-c	हडपसरमध्ये कॉलेजबाहेर मॅनहोल उघडं आहे! डिलिव्हरीला जाताना गाडीचं चाक आत जाता जाता वाचलं. झाकण लावा आधी!
SYN-G-187-a	The potholes on the Rasta Peth main road are full of rainwater and you can't tell how deep they are. I walk my son to school along this road and last week his foot went straight into one. Please fill them properly before someone breaks a leg.
SYN-G-187-b	Rasta Peth la khaddyat paani bharlay, depth kalat nahi. Raatri eklich chalatana khup avghad hota, kantala aala.
SYN-G-187-c	रास्ता पेठ में potholes में पानी भरा है, office जाते वक्त bike रोज़ अंदर जाती है. कब भरोगे?
SYN-G-188-a	Narayan Peth mein college ke raste pe road achanak dhans gaya hai. Wahan koi barricade nahi lagaya gaya. Raat ko library se lautte waqt maine dekha ek scooter wala almost usme gir gaya. Kripya jaldi barricade lagwa ke theek karwaaiye.
SYN-G-188-b	नारायण पेठेत रस्ता अचानक खचून मोठा खड्डा पडलाय. रात्री दुचाकीवरून जाताना तो अजिबात दिसत नाही. तिथे बॅरिकेड किंवा दिवा काहीच नाही. कोणाचा जीव गेल्यावरच काम होणार का? लगेच कारवाई करा!
SYN-G-188-c	नारायण पेठ में सड़क का एक हिस्सा अचानक धँस गया है। बच्चों को स्कूल छोड़ने इसी रास्ते से जाते हैं। वहाँ न कोई बैरिकेड है न कोई चेतावनी। कितनी बार बताएँ? तुरंत कार्रवाई कीजिए!
SYN-G-189-a	FC Road javal ekaadlya divshi yenara paani ya aathvadyat alach nahi!
SYN-G-189-b	FC Road पे alternate day वाला पानी भी skip हो गया.
SYN-G-189-c	एफसी रोडजवळ एक दिवसाआड येणारं पाणी दोनदा आलंच नाही. मी एकटी राहते, बाहेरून पाणी आणणं रोज शक्य नाही. तक्रार केली की उत्तर एकच, 'लवकरच'. हा 'लवकरच' कधी येणार?
SYN-G-190-a	Dhayari के footpath पे इतनी चिकनी tiles हैं कि बारिश में free skating. College जाते वक्त दोस्त गिर गया.
SYN-G-190-b	धायरीच्या फुटपाथवरच्या फरशा पावसात खूप निसरड्या होतात. दुचाकी लावून चालताना मी दोनदा घसरलो. आमच्या भागातल्या अनेक वृद्धांनाही हा त्रास होतो. खडबडीत फरशा लावाव्यात ही विनंती.
SYN-G-190-c	The new tiles on the Dhayari footpath are dangerously slippery in the rain. Several society members have fallen. Frustrating.
SYN-G-191-a	Mundhwa mein naali block, paani bhar gaya.
SYN-G-191-b	Mundhwa la gatar tumbli, galli paanyat.
SYN-G-191-c	Mundhwa में drain block, थोड़ी बारिश में road नदी. Bike से boating.
SYN-G-192-a	The drain slab in Rasta Peth has sunk slightly. Please level it.
SYN-G-192-b	Rasta Peth cha gatar slab khali basla, trampoline banla ka?
SYN-G-192-c	Rasta Peth mein naali ka slab dhans gaya, raat ko thokar.
SYN-G-193-a	धनकवडीत आमच्या इमारतीत पाण्याचा दाब खूप कमी आहे. मी एकटी राहते आणि सकाळी कामाला निघण्याआधी पाणी भरायला खूप वेळ जातो. कृपया मुख्य लाईनची तपासणी करावी.
SYN-G-193-b	Dhankawadi madhe aamchya society la nalala dab khup kami aahe. Sadasyanchya vatine vinanti aahe ki lavkar tapasani karavi.
SYN-G-193-c	Dhankawadi la aamchya building madhe water pressure khup kami aahe. Ground floor la thoda yeta, var nahi. Please main line check kara.
SYN-G-194-a	Magarpatta mein dukaanon ne footpath pe saaman rakh diya hai. Office jaate waqt road pe chalna padta hai, dar lagta hai.
SYN-G-194-b	मगरपट्ट्यात दुकानांनी फुटपाथ व्यापलाय.
SYN-G-194-c	Magarpatta madhe dukanancha maal footpath var, delivery sathi chalat jatana rastyavar utrava lagta. Krupaya footpath mokla kara.
SYN-G-195-a	Viman Nagar ki gali mein one way board nahi hai, gaadiyan dono side se aati hain. Could you please put one up? College jaate waqt bahut confusion hota hai.
SYN-G-195-b	विमाननगरच्या गल्लीत एकेरी वाहतुकीचा फलक नाही. रात्री घरी जाताना दोन्ही बाजूंनी गाड्या येतात, कंटाळा आलाय.
SYN-G-195-c	Viman Nagar mein one way ka board nahi hai, gaadiyan dono taraf se aati hain.
SYN-G-196-a	Shivajinagar madhe ola suka vegla nasel tar kachra ghet nahit. Office la jatana roj pishvi daraat padun rahate, kantala aala.
SYN-G-196-b	Shivajinagar mein garbage collectors segregation nahi hone pe bags nahi lete. Society members confused hain ki exact rule kya hai. Please ek clear notice lagao.
SYN-G-196-c	शिवाजीनगरमध्ये कचरावाले ओला-सुका mix असला की bag नेत नाहीत. Hostel मध्ये कोणाला माहीत पण नाही rule काय आहे.
SYN-G-197-a	Bhavani Peth madhe paani fakt pandhra minit yeta. Mi sandhyakali ghari yete tevha te sampleli asta, tanki rikami. Kantala aala aahe ata.
SYN-G-197-b	भवानी पेठ में पानी सिर्फ़ 15 minute, थक गए.
SYN-G-197-c	Bhavani Peth mein paani sirf 15 minute aata hai. Bike se kaam pe jaane se pehle bharna mushkil. Kripya time badha dijiye.
SYN-G-198-a	Viman Nagar ki lane mein one way board gayab hai, log ulta ghuste hain!
SYN-G-198-b	Viman Nagar galli madhe one way board nahi.
SYN-G-198-c	Viman Nagar की lane में one way board नहीं है, delivery के time गाड़ियाँ सामने से आती हैं. Please लगवा दीजिए.
SYN-G-199-a	Kondhwa madhe zebra crossing pusla aahe, krupaya punha rangva.
SYN-G-199-b	कोंढवा में ज़ेब्रा क्रॉसिंग मिट गई है! सोसाइटी के बच्चे रोज़ सड़क पार करते हैं, कोई ध्यान नहीं देता!
SYN-G-199-c	कोंढव्यात झेब्रा क्रॉसिंग पुसलंय. मुलांना शाळेत नेताना रस्ता ओलांडताना काळजी वाटते.
SYN-G-200-a	चंदननगर में स्पीड ब्रेकर पर रंग नहीं, बाइक उड़ रही हैं!
SYN-G-200-b	Paint the new speed breaker in Chandannagar, please.
SYN-G-200-c	चंदननगरमधल्या नवीन गतिरोधकाला अजून रंग दिलेला नाही. रात्री घरी चालत जाताना दुचाकी त्यावरून उडताना पाहते, भीती वाटते.
SYN-G-201-a	FC Road pe light pole ka box khula hai, wires bahar. Roz wahi se nikalta hoon.
SYN-G-201-b	FC Road var light pole che wires ughde.
SYN-G-201-c	एफसी रोडवर दिव्याच्या खांबाची पेटी उघडी आहे आणि तारा बाहेर लोंबकळतायत. कृपया लवकर बंद करा.
SYN-G-202-a	Deccan Gymkhana madhe raatri 11 nantar pan hall madhe DJ vajto! Office sathi lavkar uthava lagta, zop nahi!
SYN-G-202-b	डेक्कन जिमखाना में रात को तेज़ संगीत बजता है, कृपया रोक लगाइए।
SYN-G-202-c	Deccan Gymkhana mein raat bhar DJ, neend haraam.
SYN-G-203-a	Bavdhan chowk pe raat bhar peeli batti jalti hai. College se aate waqt samajh nahi aata ki rukna hai ya nahi.
SYN-G-203-b	बावधनला पिवळा दिवा रात्रभर, कृपया दुरुस्त करा.
SYN-G-203-c	Bavdhan chowkat raatri fakt pivla signal chalu asto. Roj office varun yetana gaadya kuthunhi yetat, kalat nahi thambava ki jaava. Please ha signal raatri pan normal chalava, it would really help. Dhanyavad.
SYN-G-204-a	Sutarwadi la divasbhar streetlight chalu, raatri band! Hi kasli vyavastha?
SYN-G-204-b	Sutarwadi mein din bhar streetlights on rehti hain, electricity waste. Roz dekh ke thak gaya.
SYN-G-204-c	Sutarwadi ki lights din mein jalti hain, raat mein aaram karti hain.
SYN-G-205-a	येरवड्यात रस्त्यावर गायी!
SYN-G-205-b	Yerawada madhe roj sandhyakali gaayi ani mhashi mukhya rastyachya madhe basun astat! Bike varun yetana achanak samor yetat, kaal mi jematem thambu shakalo. Kona che prani aahet te shodha ani dand kara!
SYN-G-205-c	Yerawada mein gaayein road pe, dukaan tak raasta band.
SYN-G-206-a	Deccan Gymkhana mein kachra wale segregation nahi to thaili chhod jaate hain. Main akele rehti hoon, kabhi galti ho jaati hai. Please thodi madad kariye.
SYN-G-206-b	Could the Deccan Gymkhana collectors explain segregation rules instead of refusing bags?
SYN-G-206-c	Deccan Gymkhana mein collectors mixed waste nahi lete. Hum buzurg log sab alag nahi kar paate, please thoda help kijiye.
SYN-G-207-a	Sutarwadi main road pe bahut gehre gaddhe hain. Kripya jaldi bharwaaiye, savari roz shikayat karti hai.
SYN-G-207-b	सुतारवाडीच्या main road वरचे खड्डे म्हणजे free roller coaster. आम्हा वृद्धांसाठी special ride.
SYN-G-207-c	The main road through Sutarwadi has deep potholes right in the middle of the carriageway. I drive my daughter to school along it and we've had two flat tyres this month. Buses swerve into the oncoming lane to avoid them. This is dangerous and needs proper resurfacing, not another patch.
SYN-G-208-a	S B Road la storm drain varcha zakan gayab, bhiti vatate.
SYN-G-208-b	S B Road pe dukaan ke saamne storm drain ka dhakkan gayab hai. Grahak darte hain, kripya jaldi lagwa dijiye.
SYN-G-208-c	सेनापती बापट रस्त्यावर पावसाळी गटाराचं झाकण गायब आहे. मुलांना शाळेत नेताना रोज त्या उघड्या खड्ड्याजवळून जावं लागतं.
SYN-G-209-a	JM Road javal aamchya galli cha valve don divas ughadla nahi. Riksha chalavun ghari aalyavar paani nahi, aangholila pan nahi. Complaint dili, te mhantat 'manus yeil'. Kadhi yeil? It's exhausting.
SYN-G-209-b	The valve for our JM Road lane hasn't been opened in two days. No water in the hostel. Ridiculous.
SYN-G-209-c	जेएम रोड के पास हमारी गली का वाल्व दो दिन से नहीं खुला। ऑफिस जाने से पहले पानी नहीं मिलता, चिंता हो रही है।
SYN-G-210-a	एनआयबीएम रोडवर फुटपाथवर फेरीवाले बसलेले असतात. रोज प्रवासात रस्त्यावरून चालावं लागतं.
SYN-G-210-b	The NIBM Road footpath has become a thriving marketplace. Vegetables, phone covers, chai. Everything except space to walk. I walk home alone in the evenings and end up on the road with traffic brushing past. A market is lovely, just not on the only footpath.
SYN-G-210-c	NIBM Road footpath pe hawkers baithe hain, delivery ke time log road pe chalte hain. Dar lagta hai koi takra na jaaye.
