SYN-S-0101	warje society gate wali gali poori andheri, please light lagao
SYN-S-0102	ganesh peth subway ke paas humare ghar पानी sirf 10 minute aata hai, rickshaw लेके निकलने से पहले tanki bhi nahi bharti. Roz ka jhanjhat hai yaar.
SYN-S-0103	dhanori speed brekar pe rang nahi, aur road bhi tuta, badhiya
SYN-S-0104	the footpath near kharadi talim was dug up for cabel work and just left like that, also the streetlight there is off so at night you cant see the pit at all
SYN-S-0105	The 'School Ahead' board on the Yerawada temple lane is missing. Cars don't slow down anymore when kids are crossing.
SYN-S-0106	JM Road supermarket ke saamne manhole ka dhakkan toota hua hai, society ke log bol bol ke thak gaye. Lagta hai kisi ke girne ka wait ho raha hai.
SYN-S-0107	Water pressure in our Mundhwa building near the petrol pump has dropped to almost nothing. Filling one bucket takes half an hour before I leave for work.
SYN-S-0108	deccan talim javal pipeline futli
SYN-S-0109	petrol pump samor footpath var vita padlya, please kadha
SYN-S-0110	there is a big dry branch hanging over the footpath on the baner temple lane, it looks like it could fall any moment. i ride under it daily, pls get it cut
SYN-S-0111	wadgaon sheri footpath var sukhi fandi latakte
SYN-S-0112	shivajinagar petrol pump ke paas gutter overflow
SYN-S-0113	रास्ता पेठ ward office के बाहर lane markings गायब
SYN-S-0114	कोंढवा शाळेजवळचा सर्व्हिस रोड फुटलाय
SYN-S-0115	sinhagad rd station lights on at 2pm, wastefull
SYN-S-0116	No footpath on the road to the station, we walk in the trafic. Its scary with kids.
SYN-S-0117	डेक्कनच्या बागेजवळची पूर्ण गल्ली रात्री dark असते. Bike वरून येताना खड्डे दिसत नाहीत, दोन वेळा पडता पडता वाचलो.
SYN-S-0118	kothrud talim cha diva disco karto
SYN-S-0119	A builder near Deccan station has dumped sand, bricks and steel rods all over the footpath. Pedestrians have to step into the traffic. This has been going on for weeks and nobody cares.
SYN-S-0120	Market Yard petrol pump ke paas school hai aur uske saamne road pe bade gaddhe hain. Main roz wahan se guzarti hoon, bachche unhi gaddhon ke beech se road cross karte hain.
SYN-S-0121	kothrud park ke paas footpath hi nahi, road pe chalo
SYN-S-0122	lane markings gayab, please paint karo
SYN-S-0123	Someone burns garbage every evening near the chowk and the smoke comes straight into our flat. My kids have started coughing at night.
SYN-S-0124	The 'No Parking' board outside our Narayan Peth society has been completely hidden behind a political banner for three weeks now. Customers keep parking across my shop entrance and when I ask them to move they say there's no board. I'm worried it'll lead to a fight one of these days. Please just take the banner down.
SYN-S-0125	Ganesh Peth supermarket javalcha underpass raatri andharat asto, aamhi vruddha lok tithun jatana ghabarto. Krupaya dive lava.
SYN-S-0126	baner society gate javal gharat gatarche pani ghusle, maast
SYN-S-0127	kondhwa supermarket footpath pe bikes khadi, kripya hatwaiye
SYN-S-0128	undri subway ke paas naali ka slab dhans gaya
SYN-S-0129	Sahakar Nagar ward office ke paas underpass mein raat ko andhera rehta hai. Delivery ke time maine do baar almost kisi ko takkar maari, dikhta hi nahi. Plz lights lagwao.
SYN-S-0130	chandannagar subway footpath full of construction debris, lights also dim
SYN-S-0131	construction material on footpath near ward office
SYN-S-0132	There's a deep pothole right on the turn outside Undri station and bikes keep swerving into the next lane to avoid it. I'm scared someone will get hit, it happens every morning.
SYN-S-0133	डेक्कनच्या उड्डाणपुलाजवळचा दिशादर्शक फलक विद्यापीठाकडे उलटी दिशा दाखवतो. बहुतेक त्याला पण दिशा विचारायची वेळ आली आहे.
SYN-S-0134	New road near the Wadgaon Sheri school still has no streetlights at all. I deliver there after dark and it's pitch black.
SYN-S-0135	एनआयबीएम रोडवर बागेजवळच्या शाळेसमोर कचऱ्याचा ढीग आहे. रिक्षा स्टँडवर उभं राहिलं की वास सहन होत नाही. पोरं तिथूनच शाळेत जातात!
SYN-S-0136	टिळक रोडवर हॉस्पिटलजवळचा दिवा फुटला आहे. कृपया नवीन दिवा बसवावा.
SYN-S-0137	park ke paas pedestrian signal bahut chhota, please time badhao
SYN-S-0138	Market Yard chowk ke paas humari gali mein paani ka time bina bataye badal diya. Pehle subah 6 baje aata tha, ab dopahar 2 baje, jab main office mein hota hoon. Ghar pe koi nahi hota to tanki khaali reh jaati hai. Kripya pehle se suchna diya kijiye, ya purana time wapas karein.
SYN-S-0139	धायरी बस स्टॉपजवळ खांबाच्या तारा उघड्या!
SYN-S-0140	fc road society gate garbage collectors dont take mixed waste, bins overflowng now
SYN-S-0141	sewage entering houses near sutarwadi bus stop, please send team
SYN-S-0142	chandannagar college road jhadu nhi lagta
SYN-S-0143	power cut every evening in kothrud for 2-3 hrs. my rickshaw battery doesnt charge and the fridge stuff gets spoilt. msedcl helpline never picks up
SYN-S-0144	वानवड़ी सबवे के पास सोसाइटी गेट पर सीवेज लीक
SYN-S-0145	Could someone fix the streetlights on the Pashan ward office road? Only 2 or 3 work, and the zebra crossing there is also faded. I walk my son to tuition that way.
SYN-S-0146	market yard lake drain full of stagnant water, mosquito paradise
SYN-S-0147	school gate wali gali mein bilkul andhera
SYN-S-0148	dhayari school gate ke paas roz kachra jalate hain
SYN-S-0149	Water supply on alternate days near S B Road talim got skipped twice this week. Plese restore it, we cant manage without water.
SYN-S-0150	The drain slab near the Senapati Bapat Road college gate has sunk a few inches below the road level. It isn't dangerous yet, but every bus that goes over it makes a loud bang and students often trip on the edge while getting down at the stop. It would be good to level it before it cracks completely.
SYN-S-0151	market yard flyover पे patch के बाद bajri फैली, bikes फिसल रही हैं
SYN-S-0152	power cut again in koregaon park, 3rd time today. shop billing machine down
SYN-S-0153	bavdhan temple lane streetlight hidden inside tree
SYN-S-0154	येरवड्यात मंदिराच्या गल्लीत झाडाची फांदी पडलीय
SYN-S-0155	swings brokn in kothrud talim park, kids get hurt
SYN-S-0156	Hamari society ke gate ke bahar ka bada dustbin roz overflow hota hai. Kachra road pe bikhar jaata hai aur rickshaw stand tak aa jaata hai. Van din mein ek baar aati hai, woh bhi aadha kachra chhod ke. Savariyan wahan khade rehne se mana karti hain. Kitni baar bolna padega?
SYN-S-0157	undri market javal gatara saaf nahit, pavsala yetoy
SYN-S-0158	हडपसर कॉलेजजवळ भटक्या कुत्र्यांचा मोठा कळप असतो. ऑफिसमधून रात्री उशिरा येताना ते दुचाकीच्या मागे धावतात. मागच्या आठवड्यात माझ्या मैत्रिणीला चावा घेतला. महापालिकेची गाडी एकदा आली, दोन कुत्री घेऊन गेली आणि बाकी तसेच. हे कधी थांबणार?
SYN-S-0159	wadgaon sheri ward office ke paas gutter ka paani road pe
SYN-S-0160	kharadi talim galli purna andhar, bhiti vatate
SYN-S-0161	Shaniwar Peth flyover ke neeche ek building mein bina permission teesri manzil ban rahi hai. Material road pe utarta hai aur raat ko bhi drilling. Kya kisi ne check kiya hai?
SYN-S-0162	park equipment broken near the market, please repair
SYN-S-0163	Kharadi chowk signal not working since morning, total chaos, no police anywhere!
SYN-S-0164	गणेश पेठेत फुटपाथवर फेरीवाले, आम्ही म्हातारे कुठे चालायचं?
SYN-S-0165	kalyani nagar talim javal manhole ughda, please lavkar zakan basva
SYN-S-0166	विश्रांतवाड़ी में सड़क पर मरा हुआ कुत्ता तीन दिन से पड़ा है। बदबू से सुबह की सैर बंद हो गई है। कोई उठाने वाला है या नहीं?
SYN-S-0167	Could the drain near Parvati chowk be cleaned? Water has been standing for days and the mosquitoes are unbearable at the bus stop.
SYN-S-0168	sahakar nagar society gate footpath is now a shop. great
SYN-S-0169	nalache pani ghaan vaas, ani light pan nahi
SYN-S-0170	Only a few streetlights work on the road in front of the supermarket. Could the rest be repaired? The society members have complaind many times.
SYN-S-0171	JM Road market के पास signal रात भर yellow blink करता है और वहीं road पे गड्ढा भी है. Savari पूछती है रुकना है या चलना. Plz ठीक करो.
SYN-S-0172	There has been a dead dog lying on the road near our Hadapsar lane for three days now. The smell is terrible and crows and flies are everywhere. At my age I can't take the morning walk past it. We called the helpline twice and they said a van would come. It hasn't. Please send someone.
SYN-S-0173	deccan supermarket samor parat patch ukhadla
SYN-S-0174	Metro work has left the road near the Wadgaon Sheri petrol pump full of broken patches and pits. My kids' school van struggles through it every morning. Frustrating.
SYN-S-0175	tilak road ward office footpath blocks tute, gussa aata hai
SYN-S-0176	talim ke paas din mein bhi streetlight on
SYN-S-0177	aundh subway javal saglikade flex, rasta disat nahi
SYN-S-0178	vishrantwadi college ke paas maidan pe kabza
SYN-S-0179	Rasta Peth subway ke paas machhar bahut badh gaye hain, bachchon ko roz kaatte hain. Fogging kab se nahi hui. Upar se naali mein kachra bhi pada hai.
SYN-S-0180	पाषाण society gate जवळच्या रस्त्याला तिसऱ्यांदा patch मारला आणि परत उखडला. Bike वरून जाताना रोज आपटते, कधी पडेन सांगता येत नाही. Plz ekda नीट डांबरीकरण करा.
SYN-S-0181	main line leking near ganesh peth flyover
SYN-S-0182	बावधन में hospital वाले road पे बारिश के बाद बहुत गड्ढे हो गए हैं. बच्चों को school छोड़ने जाते time scooter बहुत उछलता है, एक बार तो बेटी गिरते गिरते बची. Paani भरा रहता है तो depth भी पता नहीं चलती. Kripya जल्दी भरवा दीजिए.
SYN-S-0183	hadapsar petrol pump के पास पेड़ गिरा
SYN-S-0184	Model Colony bus stop javal raatri purna andhar asta, mi eklich yete. Kitti divas complain kela, still nothing. Worried aahe.
SYN-S-0185	park toilet filthy
SYN-S-0186	dhayari subway ke paas road khoda aur chhod diya
SYN-S-0187	fursungi bus stop ke paas road khod ke bhool gaye, great kaam, abhi tak mitti hi mitti
SYN-S-0188	साळुंखे विहारमध्ये मंदिराच्या गल्लीत दिवसाही रस्त्यावरचे दिवे चालू असतात. कृपया वेळ तपासावी.
SYN-S-0189	मॉडेल कॉलनीत शाळेच्या gate जवळ hotels रात्री कचरा टाकतात, आणि आता तो nali मध्ये जातोय. आम्ही वृद्ध लोक सकाळी फिरायला जातो तेव्हा कुत्री मागे लागतात. Please कारवाई करा.
SYN-S-0190	Our Dhankawadi building near the park gets water up to the second floor only. Apparently water is also scared of stairs.
SYN-S-0191	Kalyani Nagar market javal ek manhole ughda aahe, zakan kuni tari gheun gela. Society chya vatine aamhi tithe dagad ani fandya thevlyat pan raatri te pan disat nahi. Teen vela complaint dili, pratyek vela 'team yeil' ase uttar. Please yavar lavkar action ghya, lahan mula tithunach jatat.
SYN-S-0192	The footpath outside our Model Colony society is too high for older people to step onto. A small ramp would help a lot, many of us are tired of walking on the road.
SYN-S-0193	deep potholes on shaniwar peth lake road, please fill
SYN-S-0194	Wadgaon Sheri college javal footpath achank sampto ani pudhe direct rasta. Roj sandhyakali tithun chalat jate, kantala aala.
SYN-S-0195	public tap near kharadi temple running all day. fix it!
SYN-S-0196	Could the chamber near our Dhankawadi office be cleaned? The smell is awful every morning.
SYN-S-0197	ganesh peth petrol pump ke paas bathroom se gutter ka paani wapas, नल का पानी भी गंदा
SYN-S-0198	swargate hospital road still kachha, dust + potholes
SYN-S-0199	हॉस्पिटलजवळचा दिवा झाडाच्या फांद्यांमागे झाकलाय, रात्री त्या भागात काहीच दिसत नाही. दुचाकीवरून जाताना फार काळजी घ्यावी लागते.
SYN-S-0200	शिवाजीनगर सुपरमार्केट के सामने सर्विस रोड पूरी तरह टूटी है। ऑफिस जाते समय रोज़ झटके, कितनी बार शिकायत करें?
