City Name,Ward No,Ward Name,Name of healthcare facility,Type of facility,Latitude,Longitude
Pune,6,Kothrud-Bawdhan,Jog Hospital,private hospital,18.5091699,73.82159066
Pune,6,Kothrud-Bawdhan,Parivartan Ayurved Hospital,private hospital,18.5132423,73.80802103
Pune,6,Kothrud-Bawdhan,Devyani Multy Speciality Hospital,private hospital,18.4949895,73.81212228
Pune,6,Kothrud-Bawdhan,Suyash Hospityal,private hospital,18.5000925,73.81233642
Pune,6,Kothrud-Bawdhan,Devyani Hospital Surguri Maternity & General Nursing Home,private hospital,18.4959252,73.81222704
Pune,6,Kothrud-Bawdhan,Krishna Hospital,private hospital,18.5092184,73.81268003
Pune,6,Kothrud-Bawdhan,Bakshi Hospital,private hospital,18.5077479,73.80542197
Pune,6,Kothrud-Bawdhan,"Sahyadri Hospital, Kothrud",private hospital,18.5074423,73.80575713
Pune,6,Kothrud-Bawdhan,Devyani Multy Speciality Hospital,private hospital,18.4959176,73.81243305
Pune,6,Kothrud-Bawdhan,Vision Eye Center,private hospital,18.5075957,73.80689646
Pune,6,Kothrud-Bawdhan,Sarpotdar Eye Hospital,private hospital,18.510586,73.81989926
Pune,6,Kothrud-Bawdhannan,Kulkarni Endo Surgery  Institute & Re-Effective Urologist Center,private hospital,18.5097874,73.80298726
Pune,4,Aundh-Baner,Renu Hospital,private hospital,18.5719383,73.83759855
Pune,4,Aundh-Baner,Kotbagi  Hospital Pvt. Ltd.,private hospital,18.5619453,73.8048489
Pune,15,Bibwewadi,Anand Hospital,private hospital,18.4713277,73.86397524
Pune,15,Bibwewadi,Unity Ortho & Eyes Hospital,private hospital,18.4712384,73.85746393
Pune,15,Bibwewadi,Mehta Nursing Home,private hospital,18.4991081,73.86918789
Pune,15,Bibwewadi,Dugad Hospital,private hospital,18.4910595,73.8581677
Pune,15,Bibwewadi,Chintamani Hospital,private hospital,18.4757006,73.86208654
Pune,15,Bibwewadinan,"Sahydri Hospital Ltd. SahyadriHospital, Bibvewadi",private hospital,18.4768711,73.8625507
Pune,15,Bibwewadi,Dr. Bande Hospital,private hospital,18.4902514,73.8579388
Pune,15,Bibwewadi,Rao Nursing Home,private hospital,18.4846951,73.85879594
Pune,15,Bibwewadi,Rukhmini Hospital,private hospital,18.4950028,73.86184672
Pune,15,Bibwewadi,Kamla Nursing Home,private hospital,18.4892497,73.86224102
Pune,15,Bibwewadi,Parasnis Hospital,private hospital,18.4746652,73.85874774
Pune,15,Bibwewadinan,Karne Hospital Pvt. Ltd. OrthopedicNursing Home,private hospital,18.4957009,73.85831637
Pune,15,Bibwewadi,Dr. Bhagli Clinic,private hospital,18.4746388,73.85791895
Pune,15,Bibwewadi,Dr. Bhagli Nursing Home,private hospital,18.4746086,73.85792077
Pune,15,Bibwewadinan,"Ranka Medical Foundetion, RankaHospital",private hospital,18.494933,73.86184047
Pune,15,Bibwewadi,Sangam Hospital,private hospital,18.4765191,73.85750876
Pune,3,Dhole Patil,Kirad Hospital,private hospital,18.5142545,73.86886318
Pune,3,Dhole Patil,Renu Maternity & Nursing Home,private hospital,18.5156975,73.87092773
Pune,3,Dhole Patilnan,N. M. Wadiya Institute of CardiologyCharitable Trust,private hospital,18.530461,73.8772286
Pune,3,Dhole Patilnan,Grant Medical Foundetion Ruby HollClinic,private hospital,18.5334009,73.87738058
Pune,3,Dhole Patil,Jehangir Hospital,private hospital,18.5302176,73.87686631
Pune,3,Dhole Patil,Dr. Gogate Eye Clinic,private hospital,18.5319958,73.87452667
Pune,3,Dhole Patil,Kalekar Hospital,private hospital,18.5228262,73.86802192
Pune,1,Nagar Road-Wadgaonsheri,Shree Hospital Criticare & TraumaCentre Pvt.Ltd.,private hospital,18.5515319,73.94122124
Pune,1,Nagar Road-Wadgaonsheri,Medipoint Hospitalnan,private hospital,18.5626131,73.93375615
Pune,1,Nagar Road-Wadgaonsheri,Kohkade Hospitalnan,private hospital,18.5628385,73.93184179
Pune,1,Nagar Road-Wadgaonsheri,Gold Rush Hospitalnan,private hospital,18.5500917,73.93729302
Pune,1,Nagar Road-Wadgaonsheri,Mrunmayee Health Cear Pvt. Ltd.(Sangamnerkar Hospital),private hospital,18.561147,73.92141073
Pune,2,Yerwada-Kalas-Dhanori,Katariya Hospitalnan,private hospital,18.545521,73.88597036
Pune,2,Yerwada-Kalas-Dhanori,Ct Nursing Homenan,private hospital,18.59711,73.90164403
Pune,10,Hadapsar-Mundhawa,Usha Kiran Hospital,private hospital,18.501784,73.93494269
Pune,10,Hadapsar-Mundhawa,Sanjeevani Nursing Home,private hospital,18.5011756,73.94093173
Pune,10,Hadapsar-Mundhawa,Ratnadeep  Hospital,private hospital,18.5012793,73.93719252
Pune,10,Hadapsar-Mundhawa,Sane Guruji Aarogya Kendra,private hospital,18.5034909,73.93810336
Pune,10,Hadapsar-Mundhawa,"Sahyadri Hospital Ltd, Hadapsar.",private hospital,18.5028683,73.92779919
Pune,10,Hadapsar-Mundhawa,Sanjeevani Nursing Home,private hospital,18.5006386,73.94433468
Pune,10,Hadapsar-Mundhawa,Tupe Hospital,private hospital,18.5013038,73.93644002
Pune,10,Hadapsar-Mundhawa,Nobel  Hospital,private hospital,18.5033274,73.92731848
Pune,10,Hadapsar-Mundhawa,Noble Hospital,private hospital,18.5037415,73.92734033
Pune,10,Hadapsar-Mundhawa,Pbmas H.V.Desai Hospital,private hospital,18.4723273,73.9238448
Pune,10,Hadapsar-Mundhawanan,Z Plus Accident Hospital & NursingHome,private hospital,18.5023763,73.93290466
Pune,10,Hadapsar-Mundhawa,Zanzurne Accident Hospital,private hospital,18.5018891,73.93301485
Pune,10,Hadapsar-Mundhawa,Vassan Eye Care Hospital,private hospital,18.5167739,73.93317104
Pune,10,Hadapsar-Mundhawa,Alatkar Hospital,private hospital,18.5019906,73.93256001
Pune,10,Hadapsar-Mundhawa,Tanmay Nursing Home,private hospital,18.5009897,73.94295797
Pune,10,Hadapsar-Mundhawa,Lotus Hospital,private hospital,18.5025203,73.93369804
Pune,11,Wanawadi-Ramtekdinan,Grant Medical Foundetion Ruby HollClinic- Wanovari,private hospital,18.4853169,73.90486796
Pune,11,Wanawadi-Ramtekdi,Inamdar Hospital ( C.I.M.E.T.),private hospital,18.5031819,73.90010216
Pune,11,Wanawadi-Ramtekdi,Satyanand  Hospital,private hospital,18.4707934,73.88868992
Pune,11,Wanawadi-Ramtekdi,Sarwat Hospital,private hospital,18.4704972,73.88780422
Pune,11,Wanawadi-Ramtekdi,Navjeevan Nursing Home,private hospital,18.4862815,73.93103888
Pune,12,Kondhwa-Yewalewadi,Chordiya Nursing Home,private hospital,18.466031,73.86396181
Pune,12,Kondhwa-Yewalewadi,Pawar Hospital,private hospital,18.465905,73.86010142
Pune,12,Kondhwa-Yewalewadi,Sidhhi Hospital Laproscopy Center,private hospital,18.4642915,73.85931902
Pune,7,Dhankawadi-Sahakarnagar,Yashshree Maternity & Nursing Homenan,private hospital,18.4898166,73.85004897
Pune,7,Dhankawadi-Sahakarnagar,Mother Home Fartility Clinicnan,private hospital,18.4891233,73.85703134
Pune,7,Dhankawadi-Sahakarnagar,Zanwar Eye Hospitalnan,private hospital,18.4890425,73.85703449
Pune,7,Dhankawadi-Sahakarnagar,Bharti Hospitalnan,private hospital,18.4589235,73.85678324
Pune,7,Dhankawadi-Sahakarnagar,Disha Nursing Homenan,private hospital,18.4663047,73.85234715
Pune,7,Dhankawadi-Sahakarnagar,Bharti Hospitalnan,private hospital,18.4593206,73.85725687
Pune,7,Dhankawadi-Sahakarnagar,Kothari Hospitalnan,private hospital,18.4868036,73.85720785
Pune,7,Dhankawadi-Sahakarnagar,Anand Hospitalnan,private hospital,18.4654492,73.85057513
Pune,7,Dhankawadi-Sahakarnagar,Chaitanya Nursing Homenan,private hospital,18.4653789,73.85251713
Pune,7,Dhankawadi-Sahakarnagar,Bharti Homeopathic Hospitalnan,private hospital,18.4588916,73.85680646
Pune,7,Dhankawadi-Sahakarnagar,Modi Clinicnan,private hospital,18.4654574,73.85641785
Pune,7,Dhankawadi-Sahakarnagar,Bharti Ayurved Hospitalnan,private hospital,18.4589627,73.85625754
Pune,13,Kasba-Vishrambagwada,Shahade Hospitalnan,private hospital,18.4980417,73.85384566
Pune,13,Kasba-Vishrambagwada,Laxmi Clincnan,private hospital,18.5136354,73.84559137
Pune,13,Kasba-Vishrambagwada,Dr. Deshmukh Hospitalnan,private hospital,18.5034889,73.8565846
Pune,13,Kasba-Vishrambagwada,Jabde Hospitalnan,private hospital,18.5189179,73.85948013
Pune,13,Kasba-Vishrambagwada,Colony Nursing Homenan,private hospital,18.5014524,73.84781933
Pune,13,Kasba-Vishrambagwada,Dr. Purandare Maternity Homenan,private hospital,18.5023695,73.85865433
Pune,13,Kasba-Vishrambagwada,Dr. Tarabai Limye Hospitalnan,private hospital,18.5142345,73.8494506
Pune,13,Kasba-Vishrambagwada,Dr. Paranjpe Gynae Hospitalnan,private hospital,18.5115989,73.84595553
Pune,13,Kasba-Vishrambagwada,Laxmi Prasutigruh & Jeevan JoytiHospital,private hospital,18.511929,73.85450819
Pune,13,Kasba-Vishrambagwada,Surya Hospital Pvt. Ltd. SuryaSahaydri Hospital,private hospital,18.5215923,73.85579984
Pune,13,Kasba-Vishrambagwada,Parvati Netra Chikitsalyanan,private hospital,18.507293,73.85177932
Pune,13,Kasba-Vishrambagwada,N. M. Wadia Hospitalnan,private hospital,18.5071685,73.85499234
Pune,13,Kasba-Vishrambagwada,Harjeevan Hospitalnan,private hospital,18.5001426,73.85408736
Pune,13,Kasba-Vishrambagwada,Manoj Clinicnan,private hospital,18.5114385,73.84876844
Pune,13,Kasba-Vishrambagwada,Aashtang Ayurved Rugnalayanan,private hospital,18.5069646,73.85072195
Pune,13,Kasba-Vishrambagwada,Dr. Purohit Maternity Hospitalnan,private hospital,18.497601,73.85210745
Pune,13,Kasba-Vishrambagwada,Chinmay Nursing Homenan,private hospital,18.5066159,73.84475521
Pune,13,Kasba-Vishrambagwada,Niranjan Nursing Homenan,private hospital,18.5102768,73.85264344
Pune,13,Kasba-Vishrambagwada,Sharada Clinic Shaishav Clinicnan,private hospital,18.5137981,73.84772473
Pune,13,Kasba-Vishrambagwada,Day Care  Orthopedic Hospitalnan,private hospital,18.506127,73.85389021
Pune,13,Kasba-Vishrambagwada,Ent Hospitalnan,private hospital,18.4965233,73.85438072
Pune,13,Kasba-Vishrambagwada,Surgical Nursing Homenan,private hospital,18.5034406,73.85222131
Pune,13,Kasba-Vishrambagwada,Sutika Seva Mandirnan,private hospital,18.5139169,73.84640123
Pune,13,Kasba-Vishrambagwada,Dr.Ketkar Ent Hospitalnan,private hospital,18.5145113,73.84702507
Pune,13,Kasba-Vishrambagwada,Mahatma Gandhi Hospitalnan,private hospital,18.5127056,73.84419483
Pune,13,Kasba-Vishrambagwada,Dr.Patankar Medical Foundetion &Patankar Hospital Pvt. Ltd.,private hospital,18.5003435,73.85430306
Pune,13,Kasba-Vishrambagwada,Dr. Chitale Ent Hospitalnan,private hospital,18.5061689,73.85289289
Pune,13,Kasba-Vishrambagwada,Jijamata Hospitalnan,private hospital,18.5192632,73.85714533
Pune,13,Kasba-Vishrambagwada,Universal Hospitalnan,private hospital,18.5215002,73.85566468
Pune,13,Kasba-Vishrambagwada,Lokmanya Hospital Pvt. Ltd.,private hospital,18.4959852,73.85427766
Pune,13,Kasba-Vishrambagwada,Anand Maternity & Nursing Homenan,private hospital,18.5054941,73.85053047
Pune,13,Kasba-Vishrambagwada,Sammohini Clinicnan,private hospital,18.5079993,73.8430136
Pune,13,Kasba-Vishrambagwada,Gokhale Hospitalnan,private hospital,18.5023373,73.8568698
Pune,13,Kasba-Vishrambagwada,Dr. Ranade Hospitalnan,private hospital,18.5121401,73.84916807
Pune,13,Kasba-Vishrambagwada,Lathi Hospital & Surgical NursingHome,private hospital,18.5146524,73.85000965
Pune,13,Kasba-Vishrambagwada,Godbole Hospitalnan,private hospital,18.5111808,73.85138735
Pune,13,Kasba-Vishrambagwada,Kelkar Pediatric Hospital (Children),private hospital,18.503906,73.85571762
Pune,13,Kasba-Vishrambagwada,Shintre Hospitalnan,private hospital,18.5121989,73.849542
Pune,13,Kasba-Vishrambagwada,Nursing Homenan,private hospital,18.512151,73.84953817
Pune,13,Kasba-Vishrambagwada,Amey Nursing Homenan,private hospital,18.5059518,73.85677009
Pune,13,Kasba-Vishrambagwada,Poona Hospital & Reasarch Centernan,private hospital,18.5110196,73.8424597
Pune,13,Kasba-Vishrambagwada,Dr. Khurd Maternity Homenan,private hospital,18.5157111,73.85615119
Pune,13,Kasba-Vishrambagwada,Asha Kiran Hospitalnan,private hospital,18.5159023,73.84746873
Pune,13,Kasba-Vishrambagwada,Bidaye Hospital Pvt.Ltd.,private hospital,18.5091951,73.84522332
Pune,13,Kasba-Vishrambagwada,Dr. Pabalkar Nursing Homenan,private hospital,18.5061852,73.8565195
Pune,13,Kasba-Vishrambagwada,Chavan Nursing Homenan,private hospital,18.5019594,73.85852748
Pune,13,Kasba-Vishrambagwada,Yashwant Eye Clinic & Hospitalnan,private hospital,18.4968902,73.85448405
Pune,13,Kasba-Vishrambagwada,"Sathe Eye Clinic, Day Care Clinicnan",private hospital,18.5138288,73.84498919
Pune,13,Kasba-Vishrambagwada,Ramkrishna  Hospitalnan,private hospital,18.5093475,73.84820333
Pune,13,Kasba-Vishrambagwada,Samarth Hospitalnan,private hospital,18.5195018,73.8621055
Pune,13,Kasba-Vishrambagwada,Dhanwantari Hospitalnan,private hospital,18.5193877,73.86637561
Pune,13,Kasba-Vishrambagwada,S.P. Deshpande Eye Clinicnan,private hospital,18.5157878,73.8470853
Pune,13,Kasba-Vishrambagwada,Vibhute Hospitalnan,private hospital,18.504137,73.85165049
Pune,13,Kasba-Vishrambagwada,Parvati General Hospitalnan,private hospital,18.4983245,73.85055828
Pune,13,Kasba-Vishrambagwada,Bhide Hospital Orthopedic Divissionnan,private hospital,18.5048664,73.8443334
Pune,13,Kasba-Vishrambagwada,Lapro Obeso Centernan,private hospital,18.5044878,73.85108619
Pune,13,Kasba-Vishrambagwada,Netra Seva Kendra (Jan Kalyan EyeBank),private hospital,18.5146832,73.84726299
Pune,13,Kasba-Vishrambagwada,Sarswati Vilas Hospitalnan,private hospital,18.5145037,73.85175613
Pune,13,Kasba-Vishrambagwada,Bhide Hospital Balrog Vibhagnan,private hospital,18.5048168,73.84430481
Pune,13,Kasba-Vishrambagwada,Yogesh Hospitalnan,private hospital,18.5104292,73.84786016
Pune,13,Kasba-Vishrambagwada,Date Hospitalnan,private hospital,18.4962318,73.85374921
Pune,13,Kasba-Vishrambagwada,Gandhi Accident & General Hospitalnan,private hospital,18.5173963,73.84715994
Pune,13,Kasba-Vishrambagwada,Date Hospitalnan,private hospital,18.5097097,73.85237477
Pune,13,Kasba-Vishrambagwada,Eye Hospital (Dr. Bhat's Eye CareCenter),private hospital,18.5134975,73.84590853
Pune,13,Kasba-Vishrambagwada,K.E.M. Hospitalnan,private hospital,18.5198093,73.86724329
Pune,13,Kasba-Vishrambagwada,Ashwini Hospitalnan,private hospital,18.5061837,73.8443349
Pune,13,Kasba-Vishrambagwada,Saikrupa Nursing Homenan,private hospital,18.5165182,73.84771221
Pune,13,Kasba-Vishrambagwada,Chandrama Clinicnan,private hospital,18.508608,73.8457036
Pune,13,Kasba-Vishrambagwada,Aadhar Hospitalnan,private hospital,18.4935942,73.85034467
Pune,13,Kasba-Vishrambagwada,Shantalaxmi Clinicnan,private hospital,18.5086763,73.85500388
Pune,13,Kasba-Vishrambagwada,Dr. Bhange's Eye Day Care Centernan,private hospital,18.5086631,73.85503866
Pune,13,Kasba-Vishrambagwada,Nova Pluse Ivf Clinic Pvt. Ltd.,private hospital,18.5029712,73.8521089
Pune,13,Kasba-Vishrambagwada,Neo Hospitalnan,private hospital,18.5061368,73.8522629
Pune,13,Kasba-Vishrambagwada,Chaitanya Eye Clinic & Phaco Centrenan,private hospital,18.516541,73.85158874
Pune,13,Kasba-Vishrambagwada,Apolo Speciality Hospitals Pvt. Ltd.,private hospital,18.5029266,73.85210357
Pune,14,Bhawani Peth,Children Hospital,private hospital,18.5188041,73.86023877
Pune,14,Bhawani Peth,Aliance Munot Hospital,private hospital,18.501787,73.86921741
Pune,14,Bhawani Peth,Sharada Clinic,private hospital,18.5012305,73.86635352
Pune,14,Bhawani Peth,Naik Orthopadic Hospital,private hospital,18.5103848,73.85943727
Pune,14,Bhawani Peth,Wagdarikar Hospital,private hospital,18.5177589,73.8587391
Pune,14,Bhawani Peth,Meera Hospital,private hospital,18.502236,73.8747181
Pune,14,Bhawani Peth,Yashada Hospital,private hospital,18.5162507,73.86153084
Pune,14,Bhawani Pethnan,Sheth Tarachand RamanathCharitable Aurvedic Hospital,private hospital,18.5179954,73.86448721
Pune,8,Sinhagad Road,Patil Hospital,private hospital,18.4791546,73.82480223
Pune,8,Sinhagad Roadnan,Wadekar Nursing Home (MaternityHome & Dispensary),private hospital,18.472983,73.81941069
Pune,8,Sinhagad Road,Adate General Hospital,private hospital,18.4627945,73.81436613
Pune,8,Sinhagad Roadnan,Dr. Karawa Hospital MaternitySurgical & General Hospital,private hospital,18.5009427,73.84611344
Pune,8,Sinhagad Road,Trimurti Hospital,private hospital,18.4621095,73.81491098
Pune,8,Sinhagad Road,Ashirwad Hospital,private hospital,18.4797357,73.82834751
Pune,8,Sinhagad Road,Rakshak Multi Specility Hospital,private hospital,18.4643487,73.81532899
Pune,8,Sinhagad Road,Madhukar General Hospital,private hospital,18.4788986,73.82411119
Pune,8,Sinhagad Road,Jagtap Hospital,private hospital,18.4774274,73.82381146
Pune,8,Sinhagad Road,Sadguru Nursing Home,private hospital,18.480586,73.82951492
Pune,8,Sinhagad Road,Parvati General Hospital,private hospital,18.5007037,73.84619906
Pune,8,Sinhagad Roadnan,Pharande Eye Hospital & PhacoCenter,private hospital,18.4777778,73.82399111
Pune,8,Sinhagad Road,Sharad Hospital,private hospital,18.4684337,73.81891139
Pune,5,Shivajinagar-GholeRoad,Mahrashtra Medical Foundetion JoshiHosptial,private hospital,18.5171774,73.83323065
Pune,5,Shivajinagar-GholeRoad,Sathe Hospitalnan,private hospital,18.5154496,73.84194242
Pune,5,Shivajinagar-GholeRoad,Hrishikesh Healthcare Pvt. Ltd.,private hospital,18.5164131,73.84213022
Pune,5,Shivajinagar-GholeRoad,Sushrut  Hospitalnan,private hospital,18.5302359,73.84758768
Pune,5,Shivajinagar-GholeRoad,Sanjeevan Surgery/ Atharva Netralaya& Reserch Centre,private hospital,18.5246082,73.84237112
Pune,5,Shivajinagar-GholeRoad,Ghaisas Ent Hospitalnan,private hospital,18.5172985,73.84236323
Pune,5,Shivajinagar-GholeRoad,Atharv Hospitalnan,private hospital,18.53119,73.84731013
Pune,5,Shivajinagar-GholeRoad,Vision Nextnan,private hospital,18.520531,73.84417413
Pune,5,Shivajinagar-GholeRoad,Dr. Wachasunder Ent Clinicnan,private hospital,18.5326896,73.84288448
Pune,5,Shivajinagar-GholeRoad,Nursing Homenan,private hospital,18.5284586,73.84942951
Pune,5,Shivajinagar-GholeRoad,Maharashtra Medical FoundetionRatna Memorial Hospital,private hospital,18.5276913,73.82960304
Pune,5,Shivajinagar-GholeRoad,Dabake Maternity & General NursingHome,private hospital,18.5123551,73.83818309
Pune,5,Shivajinagar-GholeRoad,Gupte Hospital of Acurate DaigonesticPvt.Ltd.,private hospital,18.5184926,73.83988249
Pune,5,Shivajinagar-GholeRoad,Polyclinic & Hospitalnan,private hospital,18.5228462,73.85107889
Pune,5,Shivajinagar-GholeRoad,Konkan Mitra Mandal Trust's SahyadriSpeciality Hospital,private hospital,18.513101,73.83929666
Pune,5,Shivajinagar-GholeRoad,Accurate Diagnostic Pvt. Ltd.,private hospital,18.5194333,73.83997699
Pune,5,Shivajinagar-GholeRoad,Center For Joint Repleacment Surgarynan,private hospital,18.5297972,73.85262256
Pune,5,Shivajinagar-GholeRoad,Shreeyash Hospitalnan,private hospital,18.5158584,73.84188041
Pune,5,Shivajinagar-GholeRoad,Sancheti Institute For Orthopedic &Rehabilitaion,private hospital,18.529803,73.85304012
Pune,5,Shivajinagar-GholeRoad,Surgical & General Nursing Homenan,private hospital,18.5246144,73.84984613
Pune,5,Shivajinagar-GholeRoad,Deendayal Memorial Hospitalnan,private hospital,18.5246973,73.84113306
Pune,5,Shivajinagar-GholeRoad,Suraj Hospitalnan,private hospital,18.5257487,73.85271316
Pune,5,Shivajinagar-GholeRoad,Deccan Centernan,private hospital,18.5189549,73.84463076
Pune,5,Shivajinagar-GholeRoad,Prashant Hospital Maternity &General Hospital,private hospital,18.5241744,73.84353928
Pune,5,Shivajinagar-GholeRoad,Oyster  & Pearl Hospital Pvt.Ltd.,private hospital,18.5319151,73.84731079
Pune,5,Shivajinagar-GholeRoad,Oyster  & Pearl Tulip  Hospitalnan,private hospital,18.5294331,73.82849362
Pune,5,Shivajinagar-GholeRoad,Dr. Manohar Joshi Memorial Hospitalnan,private hospital,18.5244702,73.84362612
Pune,5,Shivajinagar-GholeRoad,Kelkar Hospitalnan,private hospital,18.5238131,73.84701137
Pune,5,Shivajinagar-GholeRoad,Sakhi Clinicnan,private hospital,18.5293097,73.84328456
Pune,5,Shivajinagar-GholeRoad,Dr. Kothari Accident Hospitalnan,private hospital,18.5216956,73.84521143
Pune,5,Shivajinagar-GholeRoad,Vision Nextnan,private hospital,18.5205916,73.84398172
Pune,5,Shivajinagar-Ghole Road,Dr. Arun Limaye Memorial Nandadip Hospital & Resarch Center Pvt. Ltd.,private hospital,18.5254842,73.84185157
Pune,5,Shivajinagar-GholeRoad,Pearl Womens Hospital & Yash Ivf`,private hospital,18.5178319,73.84438467
Pune,5,Shivajinagar-GholeRoad,Pioneer Medilesar Pvt. Ltd.,private hospital,18.5252102,73.84180896
Pune,5,Shivajinagar-GholeRoad,Kids Clinic (I) Pvt. Ltd. Cloud NineHospital,private hospital,18.5335351,73.84718891
Pune,5,Shivajinagar-GholeRoad,Kaluskar Hospital & Laboretorynan,private hospital,18.5226483,73.84778341
Pune,5,Shivajinagar-GholeRoad,Phadke Hospitalnan,private hospital,18.5181324,73.84390052
Pune,9,Warje-Karvenagar,Lokmanya Hospital,private hospital,18.5100547,73.83588457
Pune,9,Warje-Karvenagar,Nanal Hospital,private hospital,18.5114677,73.83728408
Pune,9,Warje-Karvenagar,Dwidal Nursing Home,private hospital,18.5093097,73.83614629
Pune,9,Warje-Karvenagarnan,Galaxcy Care Laproscopy Institute Pvt.Ltd.,private hospital,18.5114185,73.83722626
Pune,9,Warje-Karvenagarnan,Amey Clinic Maternity & GynaeSurgical Home,private hospital,18.5037095,73.82878358
Pune,9,Warje-Karvenagarnan,Madhavrao Rande Memorial Hospital(Sanjivan Hospital),private hospital,18.5102083,73.83704621
Pune,9,Warje-Karvenagarnan,Dhodu Mama Sathe HospitalVaidykiya Mahavidyalaya,private hospital,18.5098442,73.83679248
Pune,9,Warje-Karvenagar,Deodhar Eyes Hospital,private hospital,18.5114617,73.83643808
Pune,9,Warje-Karvenagarnan,Shashwat Health Pvt.Ltd ShashwatHospital.,private hospital,18.4948393,73.81359283
Pune,9,Warje-Karvenagarnan,Lata Mangeshkar MedicalFoundation's Mai Mangeshkar Hospital,private hospital,18.4851605,73.79978785
Pune,9,Warje-Karvenagar,Nachiket Hospital,private hospital,18.5092237,73.83162954
Pune,9,Warje-Karvenagar,Deenannath Mangeshkar Hospital,private hospital,18.5019056,73.83313987
Pune,9,Warje-Karvenagar,Vinayak Hospital,private hospital,18.4856366,73.79677714
Pune,9,Warje-Karvenagar,Prabhu Desai Eye Clinic,private hospital,18.5009612,73.82031088
Pune,9,Warje-Karvenagar,Janani Nursing Home,private hospital,18.4947657,73.81356017
